dpa_canton,dpa_provincia,provincia,canton,poblacion,area_km2,densidad_hab_km2,pobreza_fgt0,gini,km_ciclovia,mov_ciclovia,mov_vereda,mov_peatonal_zona,mov_sendero,mov_escaleras,mov_ruta_bici,mov_ruta_senderismo,ver_parque,ver_jardin,ver_reserva,ver_recreo_suelo,dep_cancha,dep_centro,dep_gimnasio,dep_piscina,dep_pista,dep_estadio,dep_juegos,ser_escuela,ser_universidad,ser_biblioteca,ser_mercado,ser_supermercado,sal_hospital,sal_centro_salud,tra_estacion,acc_hospital_30min_pct,acc_salud_primaria_30min_pct,acc_educacion_5km_pct,tasa_n_movilidad_ciclista,tasa_n_red_peatonal,tasa_n_senderos,tasa_n_deporte,tasa_n_naturaleza,tasa_n_servicios,tasa_acc_hospital,tasa_acc_salud,tasa_acc_educacion,tasa_no_pobreza,tasa_igualdad,pct_tasa_n_movilidad_ciclista,pct_tasa_n_red_peatonal,pct_tasa_n_senderos,pct_tasa_n_deporte,pct_tasa_n_naturaleza,pct_tasa_n_servicios,pct_tasa_acc_hospital,pct_tasa_acc_salud,pct_tasa_acc_educacion,pct_tasa_no_pobreza,pct_tasa_igualdad,D1_movilidad_activa,D2_deporte_recreacion,D3_naturaleza_areas_verdes,D4_acceso_salud_educacion,D5_servicios_vida_cotidiana,D6_contexto_socioeconomico,cobertura_peso,IHA,IHA_sin_umbral,estado_datos,rank_nacional,rank_sin_umbral,principales_fortalezas,principales_brechas
0101,01,Azuay,Cuenca,499800,3203.6563198115614,156.00924384716714,0.15011535584926605,0.365390419960022,17.192337157424948,54,1536,111,1092,233,1,15,298,97,3,65,488,45,85,21,25,5,104,385,40,11,28,127,79,72,6,98.53,97.36,97.69,9.964819631784483,353.1353375698685,202.0800317511976,141.12749142625822,84.29558687635253,111.23335631995806,98.53,97.36,97.69,0.849884644150734,0.634609580039978,97.2972972972973,98.1981981981982,92.7927927927928,97.2972972972973,98.64864864864865,94.14414414414415,68.80733944954129,68.4729064039409,85.48387096774194,95.94594594594594,24.324324324324326,96.0960960960961,97.2972972972973,98.64864864864865,74.25470560707471,94.14414414414415,37.22972972972972,1,86.15,83.05,ok,1,1,Naturaleza y áreas verdes; Deporte y recreación,Acceso a salud y educación; Contexto socioeconómico
0102,01,Azuay,Giron,12485,351.7902698665132,35.489895740258625,0.3749688863754273,0.3137819468975067,3.960192447055718,2,52,0,127,1,0,1,10,2,0,0,16,1,0,3,0,1,6,24,0,0,0,1,1,1,0,96.39,97.16,95.95,4.8459921009622215,194.0705031627142,155.38402029578887,66.98846238313116,36.403286722908334,63.45178080473897,96.39,97.16,95.95,0.6250311136245728,0.6862180531024933,89.86486486486487,84.90990990990991,88.73873873873875,66.66666666666666,62.612612612612615,52.47747747747747,56.42201834862385,66.7487684729064,78.3410138248848,61.261261261261254,57.65765765765766,87.83783783783785,66.66666666666666,62.612612612612615,67.17060021547168,52.47747747747747,30.090090090090087,1,65.03,74.66,ok,44,7,Movilidad activa; Acceso a salud y educación,Servicios y vida cotidiana; Contexto socioeconómico
0103,01,Azuay,Gualaceo,42433,351.2716326750559,120.79825426510509,0.34896937012672424,0.3308478593826294,1.760202232307602,5,28,2,133,7,0,0,26,17,0,3,29,2,4,1,1,1,0,35,0,0,4,3,13,1,2,100,99.99,82.36,6.845992100962221,183.40383649604755,158.7173536291222,74.321795716464507,59.069953389575005,76.11844747140564,100,99.99,82.36,0.6510306298732758,0.6691521406173706,94.14414414414415,79.05405405405406,89.63963963963964,75.22522522522522,93.69369369369369,72.07207207207207,94.72477064220183,90.88669950738915,47.926267281105986,68.01801801801803,42.792792792792795,87.61261261261262,75.22522522522522,93.69369369369369,77.84591247689899,72.07207207207207,30.225225225225227,1,76.27,64.07,ok,9,38,Naturaleza y áreas verdes; Movilidad activa,Servicios y vida cotidiana; Contexto socioeconómico
0104,01,Azuay,Nabon,15795,635.0401811046797,24.87244188631327,0.5128962397575378,0.30497461557388306,0,0,4,0,165,0,0,0,3,1,1,0,11,1,0,0,0,1,0,56,0,0,1,0,5,0,0,88.18,3.49,82.08,3.512658767628888,161.40383649604755,180.05068696245553,57.655129049797836,31.736620056241666,84.7851141380723,88.18,3.49,82.08,0.48710376024246216,0.6950253844261169,48.873873873873876,32.88288288288289,91.44144144144144,44.81981981981982,36.711711711711715,81.53153153153153,34.403669724770644,9.35960591133005,46.54377880184332,24.324324324324326,69.81981981981981,57.732732732732735,44.81981981981982,36.711711711711715,30.102351479314667,81.53153153153153,18.986486486486484,1,46.42,51.69,ok,115,93,Servicios y vida cotidiana; Movilidad activa,Acceso a salud y educación; Contexto socioeconómico
0105,01,Azuay,Paute,25334,270.4409511298796,93.67664140418334,0.31255337595939636,0.312499463558197,0,0,5,12,25,3,0,0,13,1,0,1,10,2,0,2,0,1,0,34,0,0,0,4,4,2,1,100,100,97.84,3.512658767628888,172.0705031627142,86.7173536291222,58.98846238313117,38.403286722908334,72.7851141380723,100,100,97.84,0.6874466240406036,0.687500536441803,48.873873873873876,64.86486486486487,62.387387387387385,50.22522522522522,72.2972972972973,67.34234234234235,94.72477064220183,95.56650246305419,86.17511520737328,74.32432432432432,61.711711711711715,58.70870870870871,50.22522522522522,72.2972972972973,92.15546277087644,67.34234234234235,35.27027027027027,1,64.86,57.87,ok,45,65,Acceso a salud y educación; Naturaleza y áreas verdes,Deporte y recreación; Contexto socioeconómico
0106,01,Azuay,Pucara,9967,587.7707555714879,16.9572914363681,0.5953766703605652,0.29875749349594116,0,0,4,0,11,0,0,0,2,0,0,0,0,0,0,0,0,0,0,52,0,0,1,0,0,0,0,16.86,25.71,70.87,3.512658767628888,161.40383649604755,77.38402029578886,48.98846238313117,29.736620056241666,82.11844747140564,16.86,25.71,70.87,0.4046233296394348,0.7012425065040588,48.873873873873876,32.88288288288289,43.91891891891892,3.3783783783783785,11.26126126126126,77.92792792792793,5.045871559633028,13.30049261083744,33.17972350230415,11.711711711711711,74.32432432432432,41.891891891891895,3.3783783783783785,11.26126126126126,17.175362557591537,77.92792792792793,15.247747747747745,1,28.16,45.16,ok,185,127,Servicios y vida cotidiana; Movilidad activa,Naturaleza y áreas verdes; Deporte y recreación
0107,01,Azuay,San Fernando,3974,142.57779910756105,27.87250206465878,0.2975844442844391,0.31297987699508667,0,0,14,0,29,0,0,0,3,0,0,0,3,0,0,0,0,0,3,7,0,0,0,0,0,0,0,74.45,99.83,96.69,3.512658767628888,168.07050316271423,89.38402029578886,52.98846238313117,30.403286722908334,51.45178080473897,74.45,99.83,96.69,0.7024155557155609,0.6870201230049133,48.873873873873876,55.18018018018018,65.09009009009009,23.64864864864865,19.36936936936937,16.441441441441444,18.34862385321101,88.17733990147784,81.5668202764977,77.92792792792793,60.36036036036037,56.38138138138138,23.64864864864865,19.36936936936937,62.69759467706218,16.441441441441444,36.328828828828826,1,38.2,64.3,ok,143,37,Acceso a salud y educación; Movilidad activa,Naturaleza y áreas verdes; Servicios y vida cotidiana
0108,01,Azuay,Santa Isabel,18237,606.9627629281425,30.04632427864286,0.4048241376876831,0.3302057385444641,0,0,6,0,68,0,0,0,1,0,3,2,8,1,0,2,1,0,1,38,0,1,0,8,2,2,0,84,84.23,65.69,3.512658767628888,162.7371698293809,115.38402029578886,57.655129049797836,32.403286722908334,78.11844747140564,84,84.23,65.69,0.5951758623123169,0.6697942614555359,48.873873873873876,40.090090090090094,79.27927927927928,44.81981981981982,43.468468468468465,74.09909909909909,28.440366972477065,43.34975369458128,28.57142857142857,52.25225225225225,43.24324324324324,56.08108108108109,44.81981981981982,43.468468468468465,33.453849746162305,74.09909909909909,24.77477477477477,1,47.21,48.86,ok,110,107,Servicios y vida cotidiana; Movilidad activa,Acceso a salud y educación; Contexto socioeconómico
0109,01,Azuay,Sigsig,26824,678.6808298259333,39.52373313222913,0.3795892894268036,0.3200972378253937,0,0,4,3,38,3,0,0,6,0,1,1,5,1,0,1,0,2,1,47,0,0,1,5,5,0,1,85.34,57.86,98.92,3.512658767628888,165.40383649604755,95.38402029578886,55.655129049797836,33.73662005624167,82.7851141380723,85.34,57.86,98.92,0.6204107105731964,0.6799027621746063,48.873873873873876,49.549549549549546,70.94594594594594,38.96396396396396,50.45045045045045,79.5045045045045,30.73394495412844,23.15270935960591,90.78341013824884,59.45945945945946,51.35135135135135,56.45645645645646,38.96396396396396,50.45045045045045,48.22335481732773,79.5045045045045,28.513513513513512,1,51.42,44.11,ok,91,133,Servicios y vida cotidiana; Movilidad activa,Deporte y recreación; Contexto socioeconómico
0110,01,Azuay,Oña,3564,295.1325663138424,12.075929283283706,0.4864232838153839,0.3151338994503021,0,0,3,0,20,1,0,0,3,0,0,0,5,5,0,0,0,0,0,10,0,0,1,1,3,0,0,89.96,NA,64.12,3.512658767628888,161.40383649604755,83.38402029578886,55.655129049797836,30.403286722908334,54.78511413807231,89.96,NA,64.12,0.5135767161846161,0.6848661005496979,48.873873873873876,32.88288288288289,56.531531531531535,38.96396396396396,19.36936936936937,29.72972972972973,38.07339449541284,NA,24.88479262672811,29.27927927927928,54.95495495495496,46.0960960960961,38.96396396396396,19.36936936936937,31.479093561070478,29.72972972972973,18.49099099099099,1,32.66,59.86,ok,164,52,Movilidad activa; Deporte y recreación,Naturaleza y áreas verdes; Contexto socioeconómico
0111,01,Azuay,Chordeleg,12515,105.61270294295096,118.49900297277928,0.34408998489379883,0.33897989988327026,0,0,4,0,24,1,0,0,8,0,0,0,4,3,0,0,0,1,0,13,0,0,2,1,3,0,0,100,100,100,3.512658767628888,162.07050316271423,86.05068696245553,54.3217957164645,33.73662005624167,57.45178080473897,100,100,100,0.6559100151062012,0.6610201001167297,48.873873873873876,36.711711711711715,61.48648648648649,30.180180180180184,50.45045045045045,40.31531531531532,94.72477064220183,95.56650246305419,98.15668202764977,68.91891891891892,36.03603603603604,49.02402402402402,30.180180180180184,50.45045045045045,96.14931837763527,40.31531531531532,29.527027027027025,1,52.02,62.44,ok,87,44,Acceso a salud y educación; Naturaleza y áreas verdes,Deporte y recreación; Contexto socioeconómico
0112,01,Azuay,El Pan,3035,133.10175038767795,22.802104338674187,0.211155965924263,0.2782670855522156,0,0,2,1,11,0,0,0,1,0,1,0,1,0,0,0,0,0,0,3,0,0,0,0,0,0,0,0,0,0,3.512658767628888,160.7371698293809,77.38402029578886,49.655129049797836,29.736620056241666,48.78511413807231,0,0,0,0.788844034075737,0.7217329144477844,48.873873873873876,26.576576576576578,43.91891891891892,6.306306306306306,11.26126126126126,5.405405405405405,1.3761467889908259,2.2167487684729066,0.9216589861751152,90.990990990991,92.34234234234235,39.789789789789786,6.306306306306306,11.26126126126126,1.5048515145462826,5.405405405405405,45.6981981981982,1,17.26,47.98,ok,218,115,Contexto socioeconómico; Movilidad activa,Servicios y vida cotidiana; Acceso a salud y educación
0113,01,Azuay,Sevilla de Oro,5600,316.0548901362312,17.71844124160267,0.27259328961372375,0.29450032114982605,0,0,2,0,8,0,0,0,0,0,0,0,0,1,0,0,0,0,0,13,0,0,0,0,0,1,0,0,0,0,3.512658767628888,160.07050316271423,75.38402029578886,49.655129049797836,28.403286722908334,55.45178080473897,0,0,0,0.7274067103862762,0.705499678850174,48.873873873873876,20.495495495495494,37.83783783783784,6.306306306306306,2.2522522522522523,32.88288288288289,1.3761467889908259,2.2167487684729066,0.9216589861751152,81.53153153153153,79.72972972972973,35.73573573573574,6.306306306306306,2.2522522522522523,1.5048515145462826,32.88288288288289,40.49549549549549,1,18.62,44.19,ok,216,132,Contexto socioeconómico; Movilidad activa,Naturaleza y áreas verdes; Acceso a salud y educación
0114,01,Azuay,Guachapala,3396,40.15417083172052,84.57402879098348,0.2620753049850464,0.2914160192012787,0,0,0,0,1,1,0,0,0,0,0,0,0,1,0,0,0,0,1,6,0,0,0,0,0,0,0,100,100,100,3.512658767628888,159.40383649604755,70.7173536291222,50.3217957164645,28.403286722908334,50.78511413807231,100,100,100,0.7379246950149536,0.7085839807987213,48.873873873873876,15.765765765765765,15.99099099099099,11.486486486486488,2.2522522522522523,13.73873873873874,94.72477064220183,95.56650246305419,98.15668202764977,83.78378378378379,83.78378378378379,26.876876876876878,11.486486486486488,2.2522522522522523,96.14931837763527,13.73873873873874,41.89189189189189,1,33.8,64.82,ok,159,34,Acceso a salud y educación; Contexto socioeconómico,Deporte y recreación; Naturaleza y áreas verdes
0115,01,Azuay,Camilo Ponce Enriquez,19834,642.3363416887776,30.877904164435236,0.3845522999763489,0.31144827604293823,0,0,7,2,0,0,0,0,1,0,0,0,10,0,3,0,0,1,3,47,0,0,0,3,1,2,0,62.23,67.87,92.91,3.512658767628888,164.7371698293809,70.05068696245553,60.3217957164645,29.069953389575,80.11844747140564,62.23,67.87,92.91,0.6154477000236511,0.6885517239570618,48.873873873873876,47.2972972972973,10.81081081081081,56.08108108108109,6.081081081081082,76.8018018018018,12.844036697247708,27.586206896551722,66.82027649769586,56.30630630630631,63.06306306306306,35.66066066066066,56.08108108108109,6.081081081081082,35.75017336383176,76.8018018018018,29.166666666666668,1,40.44,44.83,ok,136,128,Servicios y vida cotidiana; Deporte y recreación,Contexto socioeconómico; Naturaleza y áreas verdes
0201,02,Bolívar,Guaranda,91024,1899.616766023509,47.917033386971866,0.5069090127944946,0.3922119438648224,0.3832549729388831,12,30,6,83,26,0,0,29,1,0,2,64,10,1,6,2,3,6,135,11,3,7,15,14,2,1,92.01,76.51,88.98,9.04021910934926,157.10369102524882,98.45675435740185,86.6292683509385,39.055265351140434,126.77866195195811,92.01,76.51,88.98,0.49309098720550537,0.6077880561351776,96.84684684684684,9.90990990990991,72.52252252252252,85.58558558558559,73.87387387387388,98.64864864864865,42.201834862385326,34.97536945812808,58.986175115207374,26.126126126126124,10.36036036036036,59.75975975975976,85.58558558558559,73.87387387387388,45.38779314524026,98.64864864864865,10.698198198198197,1,64.58,48.12,ok,47,114,Servicios y vida cotidiana; Deporte y recreación,Acceso a salud y educación; Contexto socioeconómico
0202,02,Bolívar,Chillanes,17275,665.2085400600198,25.96929979047071,0.5873104333877563,0.3438471257686615,0,0,15,0,1,2,0,0,4,0,0,1,4,7,0,3,1,2,2,24,0,0,2,1,3,0,0,99.96,22.6,96.62,3.512658767628888,170.07050316271423,70.7173536291222,61.655129049797836,31.736620056241666,64.7851141380723,99.96,22.6,96.62,0.41268956661224365,0.6561528742313385,48.873873873873876,59.45945945945946,15.99099099099099,59.68468468468468,36.711711711711715,53.6036036036036,88.53211009174312,12.807881773399016,81.10599078341014,12.612612612612612,35.13513513513514,41.44144144144144,59.68468468468468,36.711711711711715,60.81532754951743,53.6036036036036,9.684684684684683,1,46.54,50.69,ok,114,97,Acceso a salud y educación; Deporte y recreación,Naturaleza y áreas verdes; Contexto socioeconómico
0203,02,Bolívar,Chimbo,15456,262.3536651407127,58.91284191402554,0.41343390941619873,0.33651962876319885,0,0,1,4,8,5,0,0,8,0,0,1,23,4,1,0,0,2,4,22,2,1,0,2,4,0,1,79.1,96.96,92.19,3.512658767628888,165.40383649604755,75.38402029578886,71.65512904979784,34.403286722908334,65.45178080473897,79.1,96.96,92.19,0.5865660905838013,0.6634803712368011,48.873873873873876,49.549549549549546,37.83783783783784,71.17117117117117,53.153153153153156,54.729729729729726,22.018348623853214,65.51724137931035,65.89861751152074,49.0990990990991,40.090090090090094,45.42042042042042,71.17117117117117,53.153153153153156,51.14473583822811,54.729729729729726,23.1981981981982,1,51.53,59.13,ok,90,57,Deporte y recreación; Servicios y vida cotidiana,Movilidad activa; Contexto socioeconómico
0204,02,Bolívar,Echeandia,12090,231.61906566222447,52.19777553904449,0.355492502450943,0.3329057991504669,0,0,2,2,2,13,0,0,5,0,0,0,66,4,2,5,0,4,7,40,0,0,2,3,3,2,0,96.62,96.62,95.88,3.512658767628888,170.07050316271423,71.38402029578886,107.65512904979784,31.736620056241666,76.7851141380723,96.62,96.62,95.88,0.644507497549057,0.6670942008495331,48.873873873873876,59.45945945945946,20.72072072072072,94.5945945945946,36.711711711711715,72.97297297297297,58.71559633027523,63.05418719211823,77.88018433179722,66.21621621621621,41.891891891891895,43.01801801801802,94.5945945945946,36.711711711711715,66.54998928473023,72.97297297297297,29.45945945945946,1,59.2,67.42,ok,64,25,Deporte y recreación; Servicios y vida cotidiana,Naturaleza y áreas verdes; Contexto socioeconómico
0205,02,Bolívar,San Miguel,27065,575.5614004375185,47.023653739507694,0.4220539927482605,0.3794117271900177,2.0834986137469405,2,3,5,18,18,0,0,14,0,2,0,30,4,0,2,0,5,4,39,2,1,3,1,4,5,1,99.71,99.71,95.4,4.8459921009622215,176.0705031627142,82.05068696245553,78.98846238313116,39.069953389575,78.11844747140564,99.71,99.71,95.4,0.5779460072517395,0.6205882728099823,89.86486486486487,71.17117117117117,52.25225225225225,81.08108108108108,74.77477477477478,74.09909909909909,84.86238532110092,86.20689655172413,75.11520737327189,45.94594594594595,13.513513513513514,71.0960960960961,81.08108108108108,74.77477477477478,82.06149641536564,74.09909909909909,18.10810810810811,1,70.79,66.97,ok,25,26,Acceso a salud y educación; Deporte y recreación,Movilidad activa; Contexto socioeconómico
0206,02,Bolívar,Caluma,13101,177.61116708976405,73.76225388676603,0.23308280110359192,0.3207959234714508,0,0,8,0,7,2,0,0,4,0,2,0,62,5,0,3,0,4,2,70,1,0,2,3,0,1,0,89.9,99.55,98.65,3.512658767628888,165.40383649604755,74.7173536291222,99.65512904979784,32.403286722908334,97.45178080473897,89.9,99.55,98.65,0.7669171988964081,0.6792040765285492,48.873873873873876,49.549549549549546,35.585585585585584,92.34234234234235,43.468468468468465,90.09009009009009,37.15596330275229,82.75862068965517,89.40092165898618,88.28828828828829,50.9009009009009,44.669669669669666,92.34234234234235,43.468468468468465,69.77183521713121,90.09009009009009,38.53603603603603,1,64.29,70.06,ok,49,18,Deporte y recreación; Servicios y vida cotidiana,Naturaleza y áreas verdes; Contexto socioeconómico
0207,02,Bolívar,Las Naves,6076,149.3611227282447,40.679929884130466,0.4630870521068573,0.31294476985931396,0,0,2,0,0,0,0,0,3,0,0,1,25,2,1,0,0,1,3,27,2,0,0,0,0,0,0,100,100,99.1,3.512658767628888,160.07050316271423,70.05068696245553,70.321795716464507,31.069953389575,66.11844747140564,100,100,99.1,0.5369129478931427,0.687055230140686,48.873873873873876,20.495495495495494,10.81081081081081,69.5945945945946,29.054054054054053,56.08108108108109,94.72477064220183,95.56650246305419,91.70506912442397,34.68468468468468,60.810810810810814,26.726726726726724,69.5945945945946,29.054054054054053,93.99878074322667,56.08108108108109,21.26126126126126,1,52.1,74.32,ok,86,9,Acceso a salud y educación; Deporte y recreación,Movilidad activa; Contexto socioeconómico
0301,03,Cañar,Azogues,69299,615.0921002364237,112.66442858453792,0.25774097442626953,0.3844567835330963,0,0,90,15,27,31,0,0,59,6,0,2,84,4,4,4,2,3,6,121,4,0,3,12,13,1,3,97.61,94.6,99.89,3.112238200723768,220.97339898290676,78.0134734662835,106.60588283137925,64.74044742400281,125.9178561049436,97.61,94.6,99.89,0.7422590255737305,0.6155432164669037,9.00900900900901,90.990990990991,45.04504504504504,93.69369369369369,95.04504504504504,98.1981981981982,62.84403669724771,57.635467980295566,96.31336405529954,84.68468468468468,12.162162162162163,48.348348348348345,93.69369369369369,95.04504504504504,72.26428957761426,98.1981981981982,31.46396396396396,1,74.09,66.78,ok,15,28,Servicios y vida cotidiana; Naturaleza y áreas verdes,Movilidad activa; Contexto socioeconómico
0302,03,Cañar,Biblian,20779,227.71453612105063,91.2502133326882,0.23636308312416077,0.3500337600708008,0,0,4,13,19,8,0,0,32,0,0,1,60,3,0,1,0,0,0,20,0,0,2,0,8,0,1,100,100,99.62,3.512658767628888,175.40383649604755,82.7173536291222,91.65512904979784,50.40328672290834,62.11844747140564,100,100,99.62,0.7636369168758392,0.6499662399291992,48.873873873873876,69.5945945945946,54.27927927927928,87.38738738738738,88.96396396396396,51.35135135135135,94.72477064220183,95.56650246305419,94.93087557603687,87.38738738738738,31.08108108108108,57.58258258258258,87.38738738738738,88.96396396396396,95.07404956043096,51.35135135135135,35.247747747747745,1,71.98,72.26,ok,22,14,Acceso a salud y educación; Naturaleza y áreas verdes,Servicios y vida cotidiana; Contexto socioeconómico
0303,03,Cañar,Cañar,58513,1805.8732599202608,32.40149865366724,0.3919010460376739,0.37559017539024353,0,0,9,2,67,6,0,1,11,2,0,0,7,3,2,1,0,0,0,127,1,0,4,8,10,1,1,92.43,44.34,94.3,3.324010113645778,160.9368031291259,109.1872782949558,54.55873876256002,35.079097666666144,133.22419688423565,92.43,44.34,94.3,0.608098953962326,0.6244098246097565,13.513513513513514,30.180180180180184,77.02702702702703,31.53153153153153,56.75675675675676,99.09909909909909,44.03669724770643,17.24137931034483,70.04608294930875,55.4054054054054,16.216216216216218,40.24024024024025,31.53153153153153,56.75675675675676,43.77471983578667,99.09909909909909,21.824324324324323,1,48.84,34.03,ok,100,173,Servicios y vida cotidiana; Naturaleza y áreas verdes,Deporte y recreación; Contexto socioeconómico
0304,03,Cañar,La Troncal,54142,320.3182696457112,169.0256383436508,0.31937527656555176,0.315072238445282,0,0,8,3,4,2,0,0,14,0,0,0,14,1,2,0,1,1,0,30,3,0,1,9,6,4,1,97.96,98.5,95.15,3.4182689672142126,162.9054733583782,70.76334188195514,59.99837395044618,36.72258701999617,74.07304382135204,97.96,98.5,95.15,0.6806247234344482,0.684927761554718,15.315315315315313,41.891891891891895,18.01801801801802,54.5045045045045,66.21621621621621,68.91891891891892,65.13761467889908,74.38423645320196,73.27188940092167,72.52252252252252,55.4054054054054,25.075075075075077,54.5045045045045,66.21621621621621,70.9312468443409,68.91891891891892,33.69369369369369,1,53.15,29.96,ok,81,182,Acceso a salud y educación; Servicios y vida cotidiana,Contexto socioeconómico; Movilidad activa
0305,03,Cañar,El Tambo,9441,64.31689015632197,146.78881359241225,0.36225447058677673,0.3522462248802185,0,0,0,0,3,0,0,0,1,0,0,1,3,4,0,0,0,0,0,11,0,0,0,7,1,0,3,99.96,7.38,97.69,3.512658767628888,158.7371698293809,72.05068696245553,53.655129049797836,29.736620056241666,60.78511413807231,99.96,7.38,97.69,0.6377455294132233,0.6477537751197815,48.873873873873876,12.387387387387387,25.900900900900904,26.576576576576578,11.26126126126126,49.77477477477478,88.53211009174312,10.344827586206897,85.48387096774194,65.31531531531532,29.72972972972973,29.054054054054053,26.576576576576578,11.26126126126126,61.45360288189732,49.77477477477478,27.31981981981982,1,35.35,54.28,ok,151,82,Acceso a salud y educación; Servicios y vida cotidiana,Deporte y recreación; Naturaleza y áreas verdes
0306,03,Cañar,Deleg,6093,76.35036929900188,79.80315034415496,0.2161573022603989,0.3006398677825928,0,0,15,0,23,1,0,0,3,0,0,0,6,0,0,0,0,0,1,13,0,0,0,1,2,1,0,100,100,100,3.512658767628888,169.40383649604755,85.38402029578886,53.655129049797836,30.403286722908334,56.11844747140564,100,100,100,0.7838426977396011,0.6993601322174072,48.873873873873876,56.75675675675676,60.58558558558559,26.576576576576578,19.36936936936937,35.36036036036036,94.72477064220183,95.56650246305419,98.15668202764977,89.1891891891892,72.97297297297297,55.40540540540541,26.576576576576578,19.36936936936937,96.14931837763527,35.36036036036036,42.16216216216216,1,48.63,70.11,ok,101,17,Acceso a salud y educación; Movilidad activa,Deporte y recreación; Naturaleza y áreas verdes
0307,03,Cañar,Suscal,4962,50.00993284692148,99.2202892011172,0.5673770308494568,0.3149167597293854,0,0,0,0,0,0,0,0,1,0,0,0,0,0,0,0,0,0,0,11,0,0,0,0,1,0,0,98.27,NA,97.93,3.512658767628888,158.7371698293809,70.05068696245553,48.98846238313117,29.069953389575,54.11844747140564,98.27,NA,97.93,0.4326229691505432,0.6850832402706146,48.873873873873876,12.387387387387387,10.81081081081081,3.3783783783783785,6.081081081081082,27.7027027027027,66.5137614678899,NA,86.63594470046083,17.56756756756757,55.85585585585585,24.024024024024026,3.3783783783783785,6.081081081081082,76.57485308417537,27.7027027027027,14.527027027027025,1,27.73,56,ok,189,73,Acceso a salud y educación; Servicios y vida cotidiana,Naturaleza y áreas verdes; Deporte y recreación
0401,04,Carchi,Tulcan,85450,1828.98211251316,46.719975780728234,0.33202221989631653,0.3680224120616913,0.0105533976250186,1,79,4,24,3,0,1,73,2,3,4,50,4,1,2,2,6,3,68,4,1,11,17,17,2,2,99.43,93.88,88.53,3.380419601748898,174.76719047941293,70.1407551597106,76.291557602964,67.19057971656107,93.38240561181367,99.43,93.88,88.53,0.6679777801036835,0.6319775879383087,14.864864864864865,68.91891891891892,13.963963963963963,77.92792792792793,95.94594594594594,87.38738738738738,77.98165137614679,55.172413793103445,58.525345622119815,71.17117117117117,22.52252252252252,32.58258258258258,77.92792792792793,95.94594594594594,63.893136930456684,87.38738738738738,28.288288288288285,1,64.3,48.68,ok,48,108,Naturaleza y áreas verdes; Servicios y vida cotidiana,Movilidad activa; Contexto socioeconómico
0402,04,Carchi,Bolivar,14346,357.21767166064865,40.1603871759975,0.4823831915855408,0.32274743914604187,0,0,82,2,120,13,0,0,19,3,0,1,51,7,2,1,1,2,6,25,0,0,3,3,11,2,0,98.55,93.78,88.42,3.512658767628888,223.40383649604755,150.05068696245553,95.65512904979784,43.73662005624167,67.45178080473897,98.55,93.78,88.42,0.5176168084144592,0.6772525608539581,48.873873873873876,91.44144144144144,87.38738738738738,90.54054054054053,84.68468468468468,57.88288288288288,69.72477064220183,54.187192118226605,58.06451612903226,30.630630630630627,49.549549549549546,75.90090090090091,90.54054054054053,84.68468468468468,60.6588262964869,57.88288288288288,18.15315315315315,1,68.33,74.08,ok,31,11,Deporte y recreación; Naturaleza y áreas verdes,Servicios y vida cotidiana; Contexto socioeconómico
0403,04,Carchi,Espejo,13306,561.1142144992637,23.713532211751627,0.39265093207359314,0.33740341663360596,0,0,42,0,14,0,0,0,14,0,1,0,8,3,0,3,0,2,1,9,0,2,4,1,4,0,2,99.68,94.57,90.17,3.512658767628888,186.73716982938086,79.38402029578886,60.3217957164645,38.403286722908334,58.78511413807231,99.68,94.57,90.17,0.6073490679264069,0.662596583366394,48.873873873873876,81.98198198198197,47.52252252252252,56.08108108108109,72.2972972972973,45.27027027027027,84.17431192660551,57.14285714285714,61.29032258064516,54.95495495495496,38.288288288288285,59.45945945945946,56.08108108108109,72.2972972972973,67.53583055003594,45.27027027027027,24.977477477477475,1,56.82,64.65,ok,70,35,Naturaleza y áreas verdes; Acceso a salud y educación,Servicios y vida cotidiana; Contexto socioeconómico
0404,04,Carchi,Mira,12147,585.5716626602033,20.743831668385713,0.4836271107196808,0.3688546121120453,0,0,6,0,18,0,0,0,11,0,0,0,8,0,1,1,0,3,3,43,0,0,1,2,5,0,2,86.02,47.71,75.27,3.512658767628888,162.7371698293809,82.05068696245553,59.655129049797836,35.73662005624167,78.7851141380723,86.02,47.71,75.27,0.5163728892803192,0.6311453878879547,48.873873873873876,40.090090090090094,52.25225225225225,52.92792792792793,58.78378378378378,75.45045045045045,32.11009174311927,17.733990147783253,38.24884792626728,30.180180180180184,21.62162162162162,47.072072072072075,52.92792792792793,58.78378378378378,29.3643099390566,75.45045045045045,13.806306306306308,1,47.27,58.99,ok,109,59,Servicios y vida cotidiana; Naturaleza y áreas verdes,Acceso a salud y educación; Contexto socioeconómico
0405,04,Carchi,Montufar,30477,386.436390597928,78.86679604072312,0.4164563417434693,0.35100963711738586,0.7338756715469967,2,71,1,59,10,0,0,16,1,0,1,29,1,1,5,0,4,1,26,0,1,5,6,8,0,2,100,100,98.19,4.8459921009622215,213.40383649604755,109.38402029578886,76.321795716464507,40.403286722908334,73.45178080473897,100,100,98.19,0.5835436582565308,0.6489903628826141,89.86486486486487,89.1891891891892,77.47747747747748,78.82882882882883,78.6036036036036,68.46846846846847,94.72477064220183,95.56650246305419,88.94009216589862,48.1981981981982,30.630630630630627,85.51051051051051,78.82882882882883,78.6036036036036,93.07712175705154,68.46846846846847,21.463963963963963,1,75.82,72.06,ok,12,15,Acceso a salud y educación; Movilidad activa,Servicios y vida cotidiana; Contexto socioeconómico
0406,04,Carchi,San Pedro de Huaca,7613,70.58970098216115,107.84859397440846,0.4179979264736175,0.3132106065750122,0,0,1,0,3,0,0,0,2,0,1,0,1,0,0,0,0,3,0,7,0,0,0,1,2,0,0,100,100,100,3.512658767628888,159.40383649604755,72.05068696245553,51.655129049797836,30.403286722908334,52.11844747140564,100,100,100,0.5820020735263824,0.6867893934249878,48.873873873873876,15.765765765765765,25.900900900900904,18.46846846846847,19.36936936936937,19.144144144144143,94.72477064220183,95.56650246305419,98.15668202764977,46.846846846846844,58.55855855855856,30.180180180180184,18.46846846846847,19.36936936936937,96.14931837763527,19.144144144144143,25.18018018018018,1,37.49,59.14,ok,145,55,Acceso a salud y educación; Movilidad activa,Servicios y vida cotidiana; Deporte y recreación
0501,05,Cotopaxi,Latacunga,168232,1391.1374463553595,120.93125696583824,0.36521339416503906,0.3824474513530731,5.578452938762146,8,202,7,317,26,0,0,99,12,1,3,144,8,0,4,5,10,8,127,7,1,5,24,12,13,7,98.81,98.78,97.61,4.946832649140793,176.37931147069378,157.3548385143023,94.1284759367625,58.756945511483536,89.9138325058563,98.81,98.78,97.61,0.6347866058349609,0.6175525486469269,91.44144144144144,72.07207207207207,89.1891891891892,89.63963963963964,93.24324324324324,86.03603603603604,72.47706422018348,77.33990147783251,84.7926267281106,63.51351351351351,13.063063063063062,84.23423423423424,89.63963963963964,93.24324324324324,78.20319747537553,86.03603603603604,24.189189189189186,1,79.62,61.58,ok,4,46,Naturaleza y áreas verdes; Deporte y recreación,Acceso a salud y educación; Contexto socioeconómico
0502,05,Cotopaxi,La Mana,42099,659.9356060002483,63.792587666476294,0.4669821262359619,0.3259444832801819,0,0,9,1,4,1,0,0,8,0,0,2,10,1,0,4,0,0,1,49,3,0,2,2,6,0,0,99.13,32.17,96.92,3.512658767628888,166.07050316271423,72.7173536291222,59.655129049797836,35.069953389575,84.11844747140564,99.13,32.17,96.92,0.5330178737640381,0.6740555167198181,48.873873873873876,52.02702702702703,30.630630630630627,52.92792792792793,55.85585585585585,81.08108108108108,76.14678899082568,14.77832512315271,82.02764976958525,34.234234234234236,47.2972972972973,43.84384384384384,52.92792792792793,55.85585585585585,57.65092129452122,81.08108108108108,19.076576576576578,1,53.15,34.46,ok,81,170,Servicios y vida cotidiana; Acceso a salud y educación,Movilidad activa; Contexto socioeconómico
0503,05,Cotopaxi,Pangua,21895,724.5782906943117,30.21757659758145,0.5983057618141174,0.29434800148010254,0,0,13,0,15,1,0,0,4,0,1,0,9,0,0,0,0,0,0,64,0,0,0,1,6,0,1,96.52,57.22,91.69,3.512658767628888,168.07050316271423,80.05068696245553,54.98846238313117,31.736620056241666,90.7851141380723,96.52,57.22,91.69,0.40169423818588257,0.7056519985198975,48.873873873873876,55.18018018018018,48.64864864864865,34.909909909909906,36.711711711711715,86.71171171171171,57.3394495412844,22.167487684729064,64.97695852534562,10.36036036036036,80.18018018018019,50.9009009009009,34.909909909909906,36.711711711711715,48.16129858378636,86.71171171171171,15.653153153153154,1,47.19,44.35,ok,111,131,Servicios y vida cotidiana; Movilidad activa,Deporte y recreación; Contexto socioeconómico
0504,05,Cotopaxi,Pujili,68925,1305.533328468833,52.794515848045975,0.6558592915534973,0.33523404598236084,0,0,21,1,94,2,0,0,9,0,0,0,11,5,0,2,0,1,0,111,1,1,2,14,12,1,0,85.13,52.99,82.89,3.1191286970213596,155.1610210117338,117.8487674670317,54.74778367600815,30.549018845264172,117.90893663288944,85.13,52.99,82.89,0.3441407084465027,0.6647659540176392,9.45945945945946,9.45945945945946,80.18018018018019,31.98198198198198,25.225225225225223,96.3963963963964,30.275229357798167,19.704433497536947,49.76958525345622,5.405405405405405,40.99099099099099,33.033033033033036,31.98198198198198,25.225225225225223,33.24974936959711,96.3963963963964,8.04054054054054,1,38.72,28.85,ok,141,186,Servicios y vida cotidiana; Acceso a salud y educación,Naturaleza y áreas verdes; Contexto socioeconómico
0505,05,Cotopaxi,Salcedo,58043,487.8838579168646,118.9688878985017,0.42776456475257874,0.3695876896381378,0.8896724825226641,1,23,2,17,3,0,0,26,0,0,1,10,0,0,3,1,5,0,38,2,1,7,22,7,4,1,99.67,99.67,97.55,3.966634492792045,168.3755400391484,77.24228877184265,58.51742473548133,44.04176716739274,89.32864549971113,99.67,99.67,97.55,0.5722354352474213,0.6304123103618622,82.43243243243244,55.85585585585585,42.34234234234234,48.1981981981982,86.03603603603604,85.13513513513513,83.4862385321101,85.22167487684729,84.33179723502305,44.14414414414414,20.72072072072072,60.210210210210214,48.1981981981982,86.03603603603604,84.34657021466013,85.13513513513513,18.558558558558556,1,66.32,41.15,ok,37,145,Naturaleza y áreas verdes; Servicios y vida cotidiana,Deporte y recreación; Contexto socioeconómico
0506,05,Cotopaxi,Saquisili,25297,206.2729284210327,122.6384877242116,0.538059651851654,0.3675179481506348,0,0,9,0,3,0,0,0,6,0,0,0,8,1,1,0,1,0,1,43,0,0,4,6,2,0,0,98.69,96.1,93.89,3.512658767628888,164.7371698293809,72.05068696245553,56.98846238313117,32.403286722908334,82.11844747140564,98.69,96.1,93.89,0.46194034814834595,0.6324820518493652,48.873873873873876,47.2972972972973,25.900900900900904,43.24324324324324,43.468468468468465,77.92792792792793,70.64220183486239,61.083743842364534,69.5852534562212,21.17117117117117,22.972972972972975,40.690690690690694,43.24324324324324,43.468468468468465,67.10373304448271,77.92792792792793,10.855855855855856,1,49.45,43.8,ok,97,135,Servicios y vida cotidiana; Acceso a salud y educación,Movilidad activa; Contexto socioeconómico
0507,05,Cotopaxi,Sigchos,21914,1357.4034700126326,16.14405774268137,0.6926340460777283,0.2856270670890808,0,0,18,1,185,0,0,1,6,0,1,0,8,0,0,3,0,0,2,82,0,1,2,2,6,0,0,78.99,NA,76.61,3.512658767628888,171.40383649604755,194.05068696245553,57.655129049797836,33.069953389575,104.7851141380723,78.99,NA,76.61,0.30736595392227173,0.7143729329109192,48.873873873873876,63.51351351351351,92.34234234234235,44.81981981981982,47.52252252252252,92.34234234234235,21.55963302752294,NA,40.55299539170507,4.504504504504505,87.83783783783784,68.24324324324324,44.81981981981982,47.52252252252252,31.056314209614,92.34234234234235,14.752252252252251,1,51.75,48.16,ok,88,112,Servicios y vida cotidiana; Movilidad activa,Acceso a salud y educación; Contexto socioeconómico
0601,06,Chimborazo,Riobamba,222875,985.0583377445934,226.25563528582325,0.2817870080471039,0.3787296116352082,0.6732359349044016,1,286,9,125,18,0,0,91,20,1,10,232,12,12,5,8,10,20,168,17,9,17,48,18,32,3,98.86,98.41,98.1,1.9416146036216282,170.68703205391293,71.258546014303775,115.36436502507064,50.98100815620984,102.88119898013426,98.86,98.41,98.1,0.7182129919528961,0.6212703883647919,1.8018018018018018,62.16216216216216,18.46846846846847,95.94594594594594,90.09009009009009,91.8918918918919,73.62385321100918,72.66009852216749,88.47926267281106,80.63063063063063,14.414414414414415,27.47747747747748,95.94594594594594,90.09009009009009,78.2544048019959,91.8918918918919,30.382882882882882,1,69.3,54.9,ok,29,78,Deporte y recreación; Servicios y vida cotidiana,Contexto socioeconómico; Movilidad activa
0602,06,Chimborazo,Alausi,43576,1664.10500055017,26.185847639177418,0.7123653292655945,0.3856492340564728,0,0,23,12,82,21,0,0,10,0,0,0,7,0,0,0,0,0,3,68,0,0,3,4,7,1,3,99.82,71.88,95.6,3.512658767628888,196.0705031627142,124.7173536291222,55.655129049797836,35.069953389575,98.7851141380723,99.82,71.88,95.6,0.2876346707344055,0.6143507659435272,48.873873873873876,85.58558558558559,81.98198198198197,38.96396396396396,55.85585585585585,90.54054054054053,86.23853211009175,31.527093596059114,75.57603686635944,3.6036036036036037,11.26126126126126,72.14714714714715,38.96396396396396,55.85585585585585,64.44722085750344,90.54054054054053,2.9504504504504503,1,58.03,40.75,ok,69,147,Servicios y vida cotidiana; Movilidad activa,Deporte y recreación; Contexto socioeconómico
0603,06,Chimborazo,Colta,44853,840.0681969145475,53.39209383802264,0.675443708896637,0.300672322511673,0,0,1,3,35,0,0,0,4,0,0,0,24,0,0,0,0,0,1,58,0,0,0,3,2,1,0,99.98,99.74,97.07,3.512658767628888,161.40383649604755,93.38402029578886,65.65512904979784,31.069953389575,87.45178080473897,99.98,99.74,97.07,0.32455629110336304,0.699327677488327,48.873873873873876,32.88288288288289,69.81981981981981,65.54054054054053,29.054054054054053,83.1081081081081,89.44954128440367,86.69950738916256,82.48847926267281,4.954954954954955,72.52252252252252,50.525525525525524,65.54054054054053,29.054054054054053,86.21250931207969,83.1081081081081,12.612612612612612,1,58.24,39.61,ok,68,152,Acceso a salud y educación; Servicios y vida cotidiana,Naturaleza y áreas verdes; Contexto socioeconómico
0604,06,Chimborazo,Chambo,11803,164.74307893699844,71.64489140398875,0.5624790191650391,0.32304543256759644,0,0,0,0,4,2,0,0,3,0,0,0,8,1,0,1,0,3,0,11,0,0,1,0,2,1,0,100,100,95.84,3.512658767628888,160.07050316271423,72.7173536291222,57.655129049797836,30.403286722908334,54.78511413807231,100,100,95.84,0.43752098083496094,0.6769545674324036,48.873873873873876,20.495495495495494,30.630630630630627,44.81981981981982,19.36936936936937,29.72972972972973,94.72477064220183,95.56650246305419,77.41935483870968,18.46846846846847,49.0990990990991,33.333333333333336,44.81981981981982,19.36936936936937,89.23687598132192,29.72972972972973,13.82882882882883,1,42,55.49,ok,132,74,Acceso a salud y educación; Deporte y recreación,Naturaleza y áreas verdes; Contexto socioeconómico
0605,06,Chimborazo,Chunchi,12589,274.4621726275591,45.867887292006095,0.5896748900413513,0.36270350217819214,0,0,5,0,20,1,0,0,6,0,0,4,4,1,1,1,0,2,0,11,0,0,0,7,2,1,1,99.68,99.68,94.53,3.512658767628888,162.7371698293809,83.38402029578886,54.98846238313117,35.069953389575,59.45178080473897,99.68,99.68,94.53,0.4103251099586487,0.6372964978218079,48.873873873873876,40.090090090090094,56.531531531531535,34.909909909909906,55.85585585585585,46.62162162162162,84.17431192660551,85.71428571428571,71.88940092165899,12.162162162162163,25.225225225225223,48.4984984984985,34.909909909909906,55.85585585585585,80.59266618751674,46.62162162162162,8.04054054054054,1,49.25,59.47,ok,99,53,Acceso a salud y educación; Naturaleza y áreas verdes,Deporte y recreación; Contexto socioeconómico
0606,06,Chimborazo,Guamote,44949,1225.7644964786302,36.67017614650224,0.813591480255127,0.3116816580295563,0,0,2,0,17,1,0,0,4,0,2,0,3,0,0,0,0,2,0,73,0,1,0,5,1,0,0,97.52,92.98,87.41,3.512658767628888,160.7371698293809,81.38402029578886,52.3217957164645,32.403286722908334,99.45178080473897,97.52,92.98,87.41,0.18640851974487305,0.6883183419704437,48.873873873873876,26.576576576576578,50.45045045045045,21.17117117117117,43.468468468468465,90.990990990991,62.15596330275229,51.231527093596064,56.68202764976959,1.8018018018018018,62.612612612612615,41.966966966966964,21.17117117117117,43.468468468468465,56.68983934870598,90.990990990991,10.022522522522522,1,45.55,31.82,ok,119,177,Servicios y vida cotidiana; Acceso a salud y educación,Deporte y recreación; Contexto socioeconómico
0607,06,Chimborazo,Guano,42662,461.7712229361828,92.38774068408313,0.5833005905151367,0.32345443964004517,0,0,15,3,59,3,0,1,38,129,0,1,40,2,0,5,0,5,11,37,1,0,2,2,2,0,0,100,99.58,96.24,3.512658767628888,172.73716982938086,110.05068696245553,90.98846238313116,140.40328672290835,74.7851141380723,100,99.58,96.24,0.4166994094848633,0.6765455603599548,48.873873873873876,65.990990990991,77.92792792792793,86.71171171171171,99.54954954954955,70.27027027027027,94.72477064220183,83.74384236453201,79.72350230414746,13.963963963963963,48.1981981981982,64.26426426426427,86.71171171171171,99.54954954954955,86.06403843696044,70.27027027027027,12.117117117117116,1,73.64,63.16,ok,17,43,Naturaleza y áreas verdes; Deporte y recreación,Movilidad activa; Contexto socioeconómico
0608,06,Chimborazo,Pallatanga,11492,381.3376264694746,30.13602435824652,0.595573902130127,0.3665669858455658,0,0,8,0,1,0,0,0,3,0,0,0,8,1,3,1,0,1,1,22,0,1,0,5,1,1,0,98.79,98.75,99.37,3.512658767628888,164.07050316271423,70.7173536291222,58.98846238313117,30.403286722908334,65.45178080473897,98.79,98.75,99.37,0.40442609786987305,0.6334330141544342,48.873873873873876,45.4954954954955,15.99099099099099,50.22522522522522,19.36936936936937,54.729729729729726,72.01834862385321,76.60098522167488,93.54838709677419,11.26126126126126,23.423423423423422,36.786786786786784,50.22522522522522,19.36936936936937,80.72257364743409,54.729729729729726,7.454954954954954,1,45.14,59.28,ok,121,54,Acceso a salud y educación; Servicios y vida cotidiana,Naturaleza y áreas verdes; Contexto socioeconómico
0609,06,Chimborazo,Penipe,6606,367.7871490953254,17.961475859744667,0.4285743832588196,0.3450305759906769,0,0,3,0,13,1,0,0,4,0,0,0,4,0,0,1,0,0,0,7,0,0,0,1,1,0,0,96.6,39.6,85.81,3.512658767628888,161.40383649604755,78.7173536291222,52.3217957164645,31.069953389575,52.11844747140564,96.6,39.6,85.81,0.5714256167411804,0.6549694240093231,48.873873873873876,32.88288288288289,46.3963963963964,21.17117117117117,29.054054054054053,19.144144144144143,58.256880733944946,15.763546798029557,54.83870967741935,43.69369369369369,33.78378378378378,42.717717717717726,21.17117117117117,29.054054054054053,42.95304573646462,19.144144144144143,20.360360360360357,1,31.07,52.79,ok,174,89,Acceso a salud y educación; Movilidad activa,Contexto socioeconómico; Servicios y vida cotidiana
0610,06,Chimborazo,Cumanda,12905,159.3647395954802,80.97776228767486,0.4430112838745117,0.34399133920669556,0,0,0,7,2,0,0,0,1,0,0,0,1,0,0,1,0,0,1,16,1,0,1,0,0,0,0,94.43,78.52,94.43,3.512658767628888,163.40383649604755,71.38402029578886,50.98846238313117,29.069953389575,58.78511413807231,94.43,78.52,94.43,0.5569887161254883,0.6560086607933044,48.873873873873876,43.468468468468465,20.72072072072072,15.54054054054054,6.081081081081082,45.27027027027027,49.54128440366973,37.93103448275862,70.96774193548387,40.090090090090094,34.68468468468468,37.687687687687685,15.54054054054054,6.081081081081082,52.81335360730407,45.27027027027027,19.234234234234233,1,31.28,43.24,ok,173,136,Acceso a salud y educación; Servicios y vida cotidiana,Deporte y recreación; Naturaleza y áreas verdes
0701,07,El Oro,Machala,243044,325.05587133568525,747.6991539986934,0.15902024507522583,0.3417353928089142,0,0,127,10,29,10,0,0,59,2,0,1,57,10,5,18,0,3,4,60,6,0,4,32,20,21,1,98.7,98.9,95.36,1.5359511174786127,112.2613293758443,39.084207986055226,49.69703407571529,30.493152506489697,50.482641062694135,98.7,98.9,95.36,0.8409797549247742,0.6582646071910858,0.45045045045045046,0.9009009009009009,0.9009009009009009,7.657657657657657,24.774774774774773,12.162162162162163,71.10091743119266,78.32512315270937,74.42396313364056,95.4954954954955,35.585585585585584,0.7507507507507508,7.657657657657657,24.774774774774773,74.61666790584752,12.162162162162163,38.76126126126126,1,25.88,19.38,ok,195,211,Acceso a salud y educación; Contexto socioeconómico,Deporte y recreación; Movilidad activa
0702,07,El Oro,Arenillas,26281,810.1491187272449,32.43970695331719,0.21324637532234192,0.3068469166755676,0,0,5,1,46,1,0,0,19,0,3,0,28,2,0,7,0,0,1,26,1,0,3,11,4,4,0,97.52,97.24,90.43,3.512658767628888,163.40383649604755,100.7173536291222,74.321795716464507,43.069953389575005,74.11844747140564,97.52,97.24,90.43,0.7867536246776581,0.6931530833244324,48.873873873873876,43.468468468468465,74.09909909909909,75.22522522522522,83.78378378378379,69.5945945945946,62.15596330275229,67.48768472906403,61.75115207373272,90.09009009009009,68.46846846846847,55.48048048048048,75.22522522522522,83.78378378378379,63.798266701849684,69.5945945945946,41.8018018018018,1,65.69,65.35,ok,41,31,Naturaleza y áreas verdes; Deporte y recreación,Movilidad activa; Contexto socioeconómico
0703,07,El Oro,Atahualpa,5767,279.7518155353417,20.61470088751378,0.3704515099525452,0.3491270840167999,0,0,3,0,7,0,0,0,4,0,0,0,0,1,0,1,0,0,0,3,0,0,0,0,1,0,0,98.74,0,44.46,3.512658767628888,160.7371698293809,74.7173536291222,50.3217957164645,31.069953389575,48.78511413807231,98.74,0,44.46,0.6295484900474548,0.6508729159832001,48.873873873873876,26.576576576576578,35.585585585585584,11.486486486486488,29.054054054054053,5.405405405405405,71.55963302752293,2.2167487684729066,13.36405529953917,61.711711711711715,31.53153153153153,37.012012012012015,11.486486486486488,29.054054054054053,29.046812365178337,5.405405405405405,26.32882882882883,1,23.82,48.16,ok,203,112,Movilidad activa; Naturaleza y áreas verdes,Deporte y recreación; Servicios y vida cotidiana
0704,07,El Oro,Balsas,6837,69.52116993664144,98.3441447580779,0.259388267993927,0.32937026023864746,0,0,2,0,1,0,0,0,2,0,0,0,2,0,0,0,0,1,0,3,0,0,1,6,0,0,0,0,NA,99.57,3.512658767628888,160.07050316271423,70.7173536291222,50.98846238313117,29.736620056241666,53.45178080473897,0,NA,99.57,0.740611732006073,0.6706297397613525,48.873873873873876,20.495495495495494,15.99099099099099,15.54054054054054,11.26126126126126,25.45045045045045,1.3761467889908259,NA,94.47004608294931,84.23423423423422,45.04504504504504,28.453453453453452,15.54054054054054,11.26126126126126,47.923096435970066,25.45045045045045,36.23873873873873,1,27.77,51.4,ok,188,94,Acceso a salud y educación; Contexto socioeconómico,Deporte y recreación; Naturaleza y áreas verdes
0705,07,El Oro,Chilla,2479,332.89723821486456,7.44674246411128,0.4257327318191528,0.2788443863391876,0,0,0,4,9,1,0,0,4,0,1,0,3,2,0,0,0,0,0,1,0,0,0,1,1,0,0,97.18,0,NA,3.512658767628888,162.07050316271423,76.05068696245553,52.3217957164645,31.736620056241666,48.11844747140564,97.18,0,NA,0.5742672681808472,0.7211556136608124,48.873873873873876,36.711711711711715,39.86486486486486,21.17117117117117,36.711711711711715,2.9279279279279278,60.550458715596335,2.2167487684729066,NA,45.04504504504504,91.8918918918919,41.81681681681682,21.17117117117117,36.711711711711715,31.38360374203462,2.9279279279279278,29.549549549549546,1,28.19,57.4,ok,184,68,Movilidad activa; Naturaleza y áreas verdes,Deporte y recreación; Servicios y vida cotidiana
0706,07,El Oro,El Guabo,49750,606.2896352308703,82.05649100541788,0.3038473427295685,0.29638493061065674,0,0,1,2,4,0,0,0,6,2,0,0,9,0,0,0,0,0,2,5,0,1,0,3,1,1,0,93.92,86.15,11.17,3.512658767628888,160.7371698293809,72.7173536291222,56.3217957164645,33.73662005624167,52.78511413807231,93.92,86.15,11.17,0.6961526572704315,0.7036150693893433,48.873873873873876,26.576576576576578,30.630630630630627,41.66666666666667,50.45045045045045,21.846846846846844,48.1651376146789,45.812807881773395,5.0691244239631335,76.57657657657657,77.92792792792793,35.36036036036036,41.66666666666667,50.45045045045045,33.01568997347181,21.846846846846844,38.49099099099099,1,36.58,17.36,ok,148,214,Naturaleza y áreas verdes; Deporte y recreación,Acceso a salud y educación; Servicios y vida cotidiana
0707,07,El Oro,Huaquillas,47950,63.84866532583465,750.994554941751,0.2684534192085266,0.30465880036354065,0,0,10,1,35,0,0,0,15,2,0,1,28,1,2,1,0,2,5,53,0,0,4,15,8,0,8,98.97,98.75,98.86,3.512658767628888,166.07050316271423,93.38402029578886,74.98846238313116,40.403286722908334,100.11844747140564,98.97,98.75,98.86,0.7315465807914734,0.6953411996364594,48.873873873873876,52.02702702702703,69.81981981981981,77.02702702702703,78.6036036036036,91.44144144144144,74.77064220183486,76.60098522167488,90.32258064516128,82.88288288288288,70.27027027027027,56.906906906906904,77.02702702702703,78.6036036036036,80.56473602289033,91.44144144144144,39.549549549549546,1,71.96,48.46,ok,23,109,Servicios y vida cotidiana; Acceso a salud y educación,Movilidad activa; Contexto socioeconómico
0708,07,El Oro,Marcabeli,5393,149.07083044077294,36.17743313063976,0.32824423909187317,0.32763177156448364,0,0,0,0,1,0,0,0,3,0,0,0,0,0,0,0,0,0,0,4,0,0,0,0,0,0,0,0,NA,85.86,3.512658767628888,158.7371698293809,70.7173536291222,48.98846238313117,30.403286722908334,49.45178080473897,0,NA,85.86,0.6717557609081268,0.6723682284355164,48.873873873873876,12.387387387387387,15.99099099099099,3.3783783783783785,19.36936936936937,7.882882882882883,1.3761467889908259,NA,55.29953917050692,72.07207207207207,45.4954954954955,25.75075075075075,3.3783783783783785,19.36936936936937,28.33784297974887,7.882882882882883,32.049549549549546,1,19.23,46.37,ok,214,122,Contexto socioeconómico; Acceso a salud y educación,Servicios y vida cotidiana; Deporte y recreación
0709,07,El Oro,Pasaje,72183,458.10774901753337,157.56773412980908,0.25628015398979187,0.31878548860549927,0,0,7,0,3,1,0,0,20,0,0,19,22,2,0,3,0,1,0,35,1,0,1,4,5,3,2,99.93,99.65,94.47,3.060109390266944,142.93266742017002,62.76811906151205,58.938857828413234,47.39430146086577,65.73103686607183,99.93,99.65,94.47,0.7437198460102081,0.6812145113945007,6.756756756756757,4.054054054054054,5.405405405405405,48.64864864864865,87.38738738738738,55.4054054054054,87.1559633027523,84.72906403940887,71.42857142857143,85.13513513513513,52.25225225225225,5.405405405405406,48.64864864864865,87.38738738738738,81.10453292357754,55.4054054054054,37.63513513513513,1,51.35,33.42,ok,92,174,Naturaleza y áreas verdes; Acceso a salud y educación,Contexto socioeconómico; Movilidad activa
0710,07,El Oro,Piñas,25867,619.8654934462908,41.73002090531966,0.21564503014087677,0.3681320250034332,0,0,5,0,11,6,0,0,4,0,3,0,0,2,1,3,0,0,1,11,0,0,1,1,2,0,2,91.79,7.63,65.46,3.512658767628888,166.07050316271423,77.38402029578886,53.655129049797836,33.069953389575,56.78511413807231,91.79,7.63,65.46,0.7843549698591232,0.6318679749965668,48.873873873873876,52.02702702702703,43.91891891891892,26.576576576576578,47.52252252252252,37.38738738738739,41.74311926605505,10.83743842364532,27.64976958525346,89.63963963963964,22.07207207207207,48.273273273273276,26.576576576576578,47.52252252252252,26.743442424984607,37.38738738738739,34.68468468468468,1,36.96,29.02,ok,146,184,Movilidad activa; Naturaleza y áreas verdes,Acceso a salud y educación; Deporte y recreación
0711,07,El Oro,Portovelo,12143,287.0147510153525,42.30793001768215,0.1723581999540329,0.33713141083717346,0,0,12,5,3,10,0,0,18,1,0,2,21,0,0,3,0,1,0,6,0,1,0,7,2,0,1,98.23,NA,83.01,3.512658767628888,176.73716982938086,72.05068696245553,65.65512904979784,42.403286722908334,56.78511413807231,98.23,NA,83.01,0.8276418000459671,0.6628685891628265,48.873873873873876,73.42342342342343,25.900900900900904,65.54054054054053,82.88288288288288,37.38738738738739,66.05504587155964,NA,50.69124423963134,94.14414414414415,38.73873873873874,49.39939939939941,65.54054054054053,82.88288288288288,58.37314505559549,37.38738738738739,38.76126126126127,1,56.26,65.11,ok,72,33,Naturaleza y áreas verdes; Deporte y recreación,Contexto socioeconómico; Servicios y vida cotidiana
0712,07,El Oro,Santa Rosa,68621,814.6599592613443,84.23269024074654,0.1980077773332596,0.31792232394218445,0,0,7,0,23,4,0,0,16,0,0,1,11,1,2,2,0,2,4,34,0,0,0,17,8,0,2,97.65,95.32,95.36,3.1247520483470814,147.73115729599002,75.95497028465215,56.625624076892414,35.34846198537697,73.05001821072611,97.65,95.32,95.36,0.8019922226667404,0.6820776760578156,9.90990990990991,7.207207207207207,38.73873873873874,42.792792792792795,57.65765765765766,68.01801801801803,63.30275229357798,58.620689655172406,74.42396313364056,91.8918918918919,53.6036036036036,18.61861861861862,42.792792792792795,57.65765765765766,65.44913502746364,68.01801801801803,40.2027027027027,1,47.76,26.24,ok,106,194,Servicios y vida cotidiana; Acceso a salud y educación,Contexto socioeconómico; Movilidad activa
0713,07,El Oro,Zaruma,23931,654.5707288788708,36.55983829430977,0.24769990146160129,0.3626107275485992,0,0,56,6,88,19,0,0,7,0,0,0,4,2,0,1,0,2,0,8,1,0,0,2,4,0,1,91.14,0.94,57.94,3.512658767628888,212.73716982938086,128.7173536291222,54.98846238313117,33.069953389575,54.78511413807231,91.14,0.94,57.94,0.7523000985383987,0.6373892724514008,48.873873873873876,88.73873873873875,83.33333333333334,34.909909909909906,47.52252252252252,29.72972972972973,39.908256880733944,6.403940886699508,20.737327188940093,86.03603603603604,25.675675675675674,73.64864864864866,34.909909909909906,47.52252252252252,22.349841652124514,29.72972972972973,33.96396396396396,1,41.94,36.88,ok,133,166,Movilidad activa; Naturaleza y áreas verdes,Servicios y vida cotidiana; Acceso a salud y educación
0714,07,El Oro,Las Lajas,4765,300.16361848811215,15.87467536539148,0.3181312382221222,0.2859303653240204,0,0,0,0,6,0,0,0,7,0,0,0,0,0,0,0,0,0,0,3,0,0,0,1,1,0,0,95.2,76.95,62.88,3.512658767628888,158.7371698293809,74.05068696245553,48.98846238313117,33.069953389575,49.45178080473897,95.2,76.95,62.88,0.6818687617778778,0.7140696346759796,48.873873873873876,12.387387387387387,33.78378378378378,3.3783783783783785,47.52252252252252,7.882882882882883,52.293577981651374,36.45320197044335,24.42396313364055,72.97297297297297,87.38738738738738,31.68168168168168,3.3783783783783785,47.52252252252252,37.72358102857843,7.882882882882883,38.648648648648646,1,27.3,53.76,ok,191,83,Naturaleza y áreas verdes; Contexto socioeconómico,Servicios y vida cotidiana; Deporte y recreación
0801,08,Esmeraldas,Esmeraldas,189320,1346.9474628379958,140.55485104155875,0.317236989736557,0.35483744740486145,0,0,96,7,771,9,0,0,64,1,0,2,152,6,1,43,0,4,4,129,4,0,0,18,13,4,3,96.54,95.67,93,1.8211627787374989,121.00986960599727,302.8052089187347,97.98240480253587,37.88363406759384,77.48433264451418,96.54,95.67,93,0.682763010263443,0.6451625525951385,0.9009009009009009,1.8018018018018018,95.04504504504504,91.44144144144144,70.72072072072072,73.42342342342343,57.798165137614674,60.09852216748769,67.2811059907834,73.42342342342343,28.37837837837838,32.58258258258258,91.44144144144144,70.72072072072072,61.725931098628585,73.42342342342343,29.954954954954957,1,60.59,40.62,ok,61,149,Deporte y recreación; Servicios y vida cotidiana,Movilidad activa; Contexto socioeconómico
0802,08,Esmeraldas,Eloy Alfaro,39546,4281.336122974207,9.236836086704573,0.6411213278770447,0.3720246553421021,0,0,59,3,21,54,0,0,4,0,12,1,25,0,0,2,0,0,2,12,0,0,1,4,4,0,0,62.05,51.36,22.59,3.512658767628888,236.0705031627142,84.05068696245553,68.321795716464507,39.73662005624167,58.11844747140564,62.05,51.36,22.59,0.3588786721229553,0.627975344657898,48.873873873873876,94.14414414414415,58.108108108108105,67.7927927927928,76.8018018018018,42.792792792792795,12.385321100917432,18.7192118226601,5.990783410138248,6.756756756756757,19.36936936936937,67.04204204204204,67.7927927927928,76.8018018018018,12.365105444571926,42.792792792792795,5.27027027027027,1,47.89,27.56,ok,104,190,Naturaleza y áreas verdes; Deporte y recreación,Acceso a salud y educación; Contexto socioeconómico
0803,08,Esmeraldas,Muisne,28441,1245.579560006306,22.83354746111602,0.6381728649139404,0.3451794683933258,0,0,31,1,255,1,0,0,5,0,0,0,18,0,0,3,0,1,1,37,0,0,0,1,1,0,0,0,0.14,47.94,3.512658767628888,180.73716982938086,240.05068696245553,64.321795716464507,31.736620056241666,72.11844747140564,0,0.14,47.94,0.36182713508605957,0.6548205316066742,48.873873873873876,77.25225225225225,94.14414414414415,64.41441441441441,36.711711711711715,65.76576576576578,1.3761467889908259,4.926108374384237,15.207373271889402,7.207207207207207,33.33333333333333,73.42342342342342,64.41441441441441,36.711711711711715,7.169876145088154,65.76576576576578,7.522522522522522,1,45.31,36.27,ok,120,167,Movilidad activa; Servicios y vida cotidiana,Contexto socioeconómico; Acceso a salud y educación
0804,08,Esmeraldas,Quininde,122451,3891.560655431342,31.465782199513857,0.5574168562889099,0.33682531118392944,0,0,52,0,79,1,0,0,33,0,4,2,21,0,0,0,0,0,1,38,0,0,0,10,8,8,0,74.38,71.2,55.7,2.3686061880788722,130.86286631396186,82.74902357988199,42.92302285658269,36.6844518947375,53.125259588452494,74.38,71.2,55.7,0.4425831437110901,0.6631746888160706,3.6036036036036037,2.7027027027027026,55.4054054054054,0.9009009009009009,65.76576576576578,23.423423423423422,17.660550458715598,31.03448275862069,19.35483870967742,18.91891891891892,39.63963963963964,20.57057057057057,0.9009009009009009,65.76576576576578,22.683290642337905,23.423423423423422,12.567567567567567,1,23.86,8.73,ok,202,221,Naturaleza y áreas verdes; Servicios y vida cotidiana,Contexto socioeconómico; Deporte y recreación
0805,08,Esmeraldas,San Lorenzo,42251,3030.408511812993,13.94234468234206,0.4852038621902466,0.373954713344574,0,0,43,1,15,0,0,0,5,0,3,0,34,2,0,2,0,1,2,14,0,0,0,0,3,0,0,65.58,NA,38.14,3.512658767628888,188.0705031627142,80.05068696245553,76.321795716464507,33.73662005624167,56.11844747140564,65.58,NA,38.14,0.5147961378097534,0.626045286655426,48.873873873873876,82.88288288288288,48.64864864864865,78.82882882882883,50.45045045045045,35.36036036036036,15.137614678899084,NA,10.138248847926267,29.72972972972973,17.56756756756757,60.13513513513514,78.82882882882883,50.45045045045045,12.637931763412675,35.36036036036036,13.04054054054054,1,44.12,23.3,ok,127,205,Deporte y recreación; Movilidad activa,Contexto socioeconómico; Acceso a salud y educación
0806,08,Esmeraldas,Atacames,41267,510.75058309312806,80.7967751110243,0.49440547823905945,0.36153897643089294,0,0,19,6,487,3,0,0,13,0,0,1,51,4,0,151,0,1,2,12,0,0,0,6,1,2,2,97.12,96.79,72.04,3.512658767628888,177.40383649604755,394.7173536291222,188.32179571646452,37.73662005624167,60.11844747140564,97.12,96.79,72.04,0.5055945217609406,0.6384610235691071,48.873873873873876,74.77477477477478,97.2972972972973,99.09909909909909,69.5945945945946,47.74774774774775,60.09174311926605,64.5320197044335,33.6405529953917,27.47747747747748,26.126126126126124,73.64864864864866,99.09909909909909,69.5945945945946,52.754771939697086,47.74774774774775,13.536036036036034,1,63.55,47.38,ok,54,117,Deporte y recreación; Movilidad activa,Servicios y vida cotidiana; Contexto socioeconómico
0807,08,Esmeraldas,Rioverde,26832,1514.0702064197742,17.7217673831968,0.654417097568512,0.33019277453422546,0,0,9,0,27,0,0,0,2,0,0,0,15,3,0,0,1,0,1,9,0,0,0,0,2,0,0,73.11,63.61,29.27,3.512658767628888,164.7371698293809,88.05068696245553,62.3217957164645,29.736620056241666,52.78511413807231,73.11,63.61,29.27,0.34558290243148804,0.6698072254657745,48.873873873873876,47.2972972972973,63.96396396396396,61.261261261261254,11.26126126126126,21.846846846846844,16.972477064220186,26.60098522167488,6.451612903225806,5.8558558558558556,43.69369369369369,53.37837837837838,61.261261261261254,11.26126126126126,16.67502506304029,21.846846846846844,8.603603603603602,1,31.93,25.41,ok,172,197,Deporte y recreación; Movilidad activa,Naturaleza y áreas verdes; Contexto socioeconómico
0901,09,Guayas,Guayaquil,2333797,4132.267494407875,564.7739414639266,0.1415959596633911,0.3845890164375305,111.7558379732349,119,3673,134,648,313,0,0,1469,41,1,22,1261,148,47,267,24,5,183,858,83,9,20,357,160,124,78,97.8,98.01,95.68,5.105971786120344,179.06611581590707,30.942434001015013,82.52465976310665,64.73855173970395,60.612190384288766,97.8,98.01,95.68,0.8584040403366089,0.6154109835624695,92.34234234234235,75.67567567567568,0.45045045045045046,83.33333333333334,94.5945945945946,49.0990990990991,64.44954128440367,70.93596059113301,76.49769585253456,96.84684684684684,11.711711711711711,56.15615615615616,83.33333333333334,94.5945945945946,70.62773257602375,49.0990990990991,35.65315315315315,1,66.6,37.16,ok,36,163,Naturaleza y áreas verdes; Deporte y recreación,Servicios y vida cotidiana; Contexto socioeconómico
0902,09,Guayas,Alfredo Baquerizo Moreno,25017,219.63440786133816,113.90291823398633,0.36118587851524353,0.2673269808292389,0,0,3,0,2,0,0,0,0,0,0,0,1,0,0,1,0,0,0,3,0,0,0,7,1,0,0,97.69,97.69,NA,3.512658767628888,160.7371698293809,71.38402029578886,50.3217957164645,28.403286722908334,53.45178080473897,97.69,97.69,NA,0.6388141214847565,0.7326730191707611,48.873873873873876,26.576576576576578,20.72072072072072,11.486486486486488,2.2522522522522523,25.45045045045045,63.76146788990825,70.44334975369459,NA,65.76576576576578,96.3963963963964,32.05705705705706,11.486486486486488,2.2522522522522523,67.10240882180142,25.45045045045045,37.47747747747748,1,30.44,32.41,ok,178,175,Acceso a salud y educación; Contexto socioeconómico,Deporte y recreación; Naturaleza y áreas verdes
0903,09,Guayas,Balao,20344,411.05425407575854,49.49225022799676,0.33563128113746643,0.25899720191955566,0,0,5,0,0,0,0,0,2,0,0,2,22,0,0,2,0,1,2,10,0,0,1,3,0,2,1,83,94.15,49.16,3.512658767628888,162.07050316271423,70.05068696245553,66.98846238313116,31.069953389575,56.78511413807231,83,94.15,49.16,0.6643687188625336,0.7410027980804443,48.873873873873876,36.711711711711715,10.81081081081081,66.66666666666666,29.054054054054053,37.38738738738739,26.146788990825687,56.65024630541872,16.589861751152075,70.72072072072072,99.09909909909909,32.132132132132135,66.66666666666666,29.054054054054053,33.12896568246549,37.38738738738739,39.61711711711712,1,39.62,41.91,ok,138,142,Deporte y recreación; Contexto socioeconómico,Movilidad activa; Naturaleza y áreas verdes
0904,09,Guayas,Balzar,53317,1193.3127031542924,44.6798226978283,0.42454782128334045,0.2855307161808014,0,0,3,0,0,0,0,0,5,0,0,0,3,0,0,0,0,0,0,9,1,0,1,2,2,0,0,85.5,1.46,57.14,3.436662699794107,157.25963509856788,68.53514642452127,49.88533142097533,31.050001033389968,54.25208633557169,85.5,1.46,57.14,0.5754521787166595,0.7144692838191986,15.765765765765765,10.36036036036036,7.657657657657657,8.558558558558559,25.675675675675674,28.37837837837838,31.19266055045872,8.374384236453201,19.81566820276498,45.4954954954955,88.28828828828829,11.26126126126126,8.558558558558559,25.675675675675674,19.794237663225633,28.37837837837838,29.166666666666664,1,19,12.2,ok,215,219,Contexto socioeconómico; Servicios y vida cotidiana,Movilidad activa; Deporte y recreación
0905,09,Guayas,Colimes,23204,762.1847959589718,30.444060447053403,0.45225948095321655,0.268612265586853,0,0,1,0,11,0,0,0,1,0,0,0,3,0,0,0,0,1,0,2,0,0,1,0,0,0,0,69,0.65,35.64,3.512658767628888,159.40383649604755,77.38402029578886,51.655129049797836,29.069953389575,48.78511413807231,69,0.65,35.64,0.5477405190467834,0.731387734413147,48.873873873873876,15.765765765765765,43.91891891891892,18.46846846846847,6.081081081081082,5.405405405405405,16.51376146788991,5.911330049261084,8.294930875576037,36.486486486486484,95.4954954954955,36.186186186186184,18.46846846846847,6.081081081081082,10.240007464242344,5.405405405405405,27.094594594594593,1,17.77,22.1,ok,217,207,Movilidad activa; Contexto socioeconómico,Naturaleza y áreas verdes; Servicios y vida cotidiana
0906,09,Guayas,Daule,119897,468.36574579983727,255.99011258871968,0.25013110041618347,0.4456119239330292,0,0,127,1,13,8,0,0,66,3,0,3,109,19,4,43,1,2,3,37,2,0,3,35,12,5,4,99.94,99.46,79.74,2.396116432440339,170.12772104397573,53.69606244909357,115.7281334327875,52.11755052791193,68.74931045312508,99.94,99.46,79.74,0.7498688995838165,0.5543880760669708,4.054054054054054,61.711711711711715,3.6036036036036037,96.3963963963964,91.44144144144144,58.55855855855856,87.61467889908256,81.77339901477832,43.77880184331797,85.58558558558559,2.7027027027027026,23.123123123123122,96.3963963963964,91.44144144144144,71.05562658572629,58.55855855855856,30.36036036036036,1,62.19,48.46,ok,58,109,Deporte y recreación; Naturaleza y áreas verdes,Contexto socioeconómico; Movilidad activa
0907,09,Guayas,Duran,235164,301.9008244191348,778.9445439655947,0.09459282457828522,0.3128589987754822,0.8809021636797237,8,487,6,28,9,0,0,133,0,1,1,92,16,1,21,0,2,48,68,1,0,4,31,16,8,17,99.47,99.57,93.61,3.9589538707747045,220.81898853816975,39.70475064257596,75.62945112682053,52.990455444010244,57.04003747631263,99.47,99.57,93.61,0.9054071754217148,0.6871410012245178,81.98198198198197,90.54054054054053,1.3513513513513513,77.47747747747748,91.8918918918919,38.73873873873874,79.35779816513761,83.2512315270936,68.66359447004609,98.1981981981982,61.261261261261254,57.95795795795795,77.47747747747748,91.8918918918919,77.09087472075909,38.73873873873874,43.55855855855855,1,66.07,35.79,ok,39,168,Naturaleza y áreas verdes; Deporte y recreación,Contexto socioeconómico; Servicios y vida cotidiana
0908,09,Guayas,Empalme,73787,1204.4524858950983,61.26186035903659,0.3814893066883087,0.27274808287620544,0,0,14,0,3,1,0,0,13,0,0,0,16,1,1,0,0,2,2,85,0,0,0,5,7,1,3,89.98,65.38,85.12,3.03186553162396,145.641362555353,62.18878882982231,54.94236828686654,31.99602391684217,93.895211498621,89.98,65.38,85.12,0.6185106933116913,0.7272519171237946,6.306306306306306,5.8558558558558556,4.504504504504505,32.432432432432435,41.44144144144144,87.83783783783784,38.53211009174312,27.093596059113302,53.45622119815668,58.108108108108105,93.69369369369369,5.5555555555555545,32.432432432432435,41.44144144144144,39.69397578300437,87.83783783783784,34.39189189189189,1,37.83,25.39,ok,144,198,Servicios y vida cotidiana; Naturaleza y áreas verdes,Deporte y recreación; Movilidad activa
0909,09,Guayas,El Triunfo,44644,397.1756073745916,112.40368031437168,0.24267707765102384,0.2850842773914337,0,0,21,11,10,0,0,0,13,0,0,0,4,1,1,4,0,1,5,10,1,1,1,4,1,1,0,83.22,83.35,65.97,3.512658767628888,180.0705031627142,76.7173536291222,59.655129049797836,37.069953389575,58.11844747140564,83.22,83.35,65.97,0.7573229223489761,0.7149157226085663,48.873873873873876,76.57657657657657,41.66666666666667,52.92792792792793,67.34234234234235,42.792792792792795,27.981651376146786,42.364532019704434,29.03225806451613,86.48648648648648,89.1891891891892,55.705705705705704,52.92792792792793,67.34234234234235,33.12614715345578,42.792792792792795,43.648648648648646,1,49.29,23.56,ok,98,202,Naturaleza y áreas verdes; Movilidad activa,Servicios y vida cotidiana; Acceso a salud y educación
0910,09,Guayas,Milagro,166219,407.3691020896192,408.0304548071312,0.2011198252439499,0.3098432719707489,0.21270562247039537,7,153,8,15,8,0,0,33,0,0,4,48,7,1,5,1,0,1,56,4,2,3,23,5,7,2,98.47,99.91,91.13,4.6086072562226335,152.92137478695034,45.10423014273335,51.267074692150736,29.90204684277325,60.167633116760435,98.47,99.91,91.13,0.7988801747560501,0.6901567280292511,88.73873873873875,9.00900900900901,3.153153153153153,17.117117117117118,13.963963963963963,48.64864864864865,67.66055045871559,90.14778325123153,63.824884792626726,91.44144144144144,64.86486486486487,33.633633633633636,17.117117117117118,13.963963963963963,73.87773950085794,48.64864864864865,41.734234234234236,1,38.82,23.26,ok,140,206,Acceso a salud y educación; Servicios y vida cotidiana,Deporte y recreación; Naturaleza y áreas verdes
0911,09,Guayas,Naranjal,67817,1740.1951467018023,38.97091664031691,0.2923923134803772,0.2845150828361511,0,0,8,3,9,0,0,0,8,0,1,2,6,1,0,3,0,0,0,9,0,0,3,9,3,0,0,81.06,85.31,6.72,3.139722525991605,148.43892736973686,67.97644484389738,49.74626740717373,31.942490977888113,54.33160597979254,81.06,85.31,6.72,0.7076076865196228,0.7154849171638489,10.36036036036036,7.657657657657657,7.207207207207207,8.108108108108109,40.99099099099099,28.82882882882883,24.31192660550459,44.33497536945813,3.686635944700461,79.27927927927928,89.63963963963964,8.408408408408407,8.108108108108109,40.99099099099099,24.11117930655439,28.82882882882883,41.19369369369369,1,22.72,13.1,ok,208,218,Contexto socioeconómico; Naturaleza y áreas verdes,Movilidad activa; Deporte y recreación
0912,09,Guayas,Naranjito,37073,225.83909474650423,164.15669767722468,0.2718281149864197,0.28380557894706726,0,0,3,0,16,0,0,0,4,0,0,0,7,0,0,1,0,0,0,4,0,0,0,6,1,1,0,99.44,99.82,82.38,3.512658767628888,160.7371698293809,80.7173536291222,54.3217957164645,31.069953389575,53.45178080473897,99.44,99.82,82.38,0.7281718850135803,0.7161944210529327,48.873873873873876,26.576576576576578,49.549549549549546,30.180180180180184,29.054054054054053,25.45045045045045,78.6697247706422,87.68472906403942,48.38709677419355,81.98198198198197,90.54054054054053,41.666666666666664,30.180180180180184,29.054054054054053,71.58051686962506,25.45045045045045,42.27477477477477,1,41.32,30.23,ok,135,181,Acceso a salud y educación; Contexto socioeconómico,Naturaleza y áreas verdes; Servicios y vida cotidiana
0913,09,Guayas,Palestina,16043,194.48748337471665,82.48859886314715,0.34389564394950867,0.26891958713531494,0,0,4,0,3,0,0,0,2,0,0,0,2,0,0,0,0,0,0,7,1,0,0,1,1,0,0,94.62,83.31,82.55,3.512658767628888,161.40383649604755,72.05068696245553,50.3217957164645,29.736620056241666,52.78511413807231,94.62,83.31,82.55,0.6561043560504913,0.7310804128646851,48.873873873873876,32.88288288288289,25.900900900900904,11.486486486486488,11.26126126126126,21.846846846846844,50.45871559633027,41.87192118226601,49.30875576036866,69.36936936936937,95.04504504504504,35.88588588588589,11.486486486486488,11.26126126126126,47.213130846321654,21.846846846846844,38.53603603603603,1,28.22,37.15,ok,183,164,Acceso a salud y educación; Contexto socioeconómico,Deporte y recreación; Naturaleza y áreas verdes
0914,09,Guayas,Pedro Carbo,43230,939.662682028584,46.00587085854386,0.3805030584335327,0.2689337134361267,0,0,15,0,23,1,0,0,5,0,0,0,4,0,0,1,0,0,2,29,0,0,0,1,4,1,0,89.64,89.34,81.16,3.512658767628888,169.40383649604755,85.38402029578886,53.655129049797836,31.736620056241666,66.7851141380723,89.64,89.34,81.16,0.6194969415664673,0.7310662865638733,48.873873873873876,56.75675675675676,60.58558558558559,26.576576576576578,36.711711711711715,56.75675675675676,36.69724770642202,48.275862068965516,44.70046082949309,59.009009009009006,94.5945945945946,55.40540540540541,26.576576576576578,36.711711711711715,43.22452353496021,56.75675675675676,34.84234234234234,1,43.12,23.88,ok,130,200,Servicios y vida cotidiana; Movilidad activa,Contexto socioeconómico; Deporte y recreación
0916,09,Guayas,Samborondon,67167,360.6705771142463,186.22811025342975,0.171031653881073,0.49114084243774414,1.324425134213533,3,175,4,46,12,0,0,93,0,0,3,62,10,3,15,6,3,4,30,4,1,1,13,10,1,1,98.84,98.93,76.01,4.9465433676762345,256.6928608780868,90.37431457385925,105.5726869386283,82.91405007230045,71.89078658294308,98.84,98.93,76.01,0.828968346118927,0.5088591575622559,90.990990990991,97.2972972972973,67.11711711711712,93.24324324324324,98.1981981981982,64.41441441441441,72.93577981651376,78.81773399014779,39.63133640552996,94.5945945945946,0.45045045045045046,85.13513513513514,93.24324324324324,98.1981981981982,63.7949500707305,64.41441441441441,33.17567567567567,1,75.98,61.23,ok,10,47,Naturaleza y áreas verdes; Deporte y recreación,Acceso a salud y educación; Contexto socioeconómico
0918,09,Guayas,Santa Lucia,38812,359.46596117631697,107.9712801540139,0.3961376249790192,0.26110967993736267,0,0,14,0,9,3,0,0,5,0,0,0,9,0,0,0,0,0,0,14,0,0,1,2,1,0,0,99.96,96.7,66.96,3.512658767628888,170.07050316271423,76.05068696245553,54.98846238313117,31.736620056241666,58.11844747140564,99.96,96.7,66.96,0.6038623750209808,0.7388903200626373,48.873873873873876,59.45945945945946,39.86486486486486,34.909909909909906,36.711711711711715,42.792792792792795,88.53211009174312,63.54679802955665,31.336405529953915,53.6036036036036,98.1981981981982,49.39939939939941,34.909909909909906,36.711711711711715,61.13843788375123,42.792792792792795,33.490990990990994,1,44.65,27.7,ok,124,188,Acceso a salud y educación; Movilidad activa,Deporte y recreación; Contexto socioeconómico
0919,09,Guayas,Salitre,56998,395.33422302948816,144.17674129808006,0.4443344473838806,0.25834470987319946,0,0,38,1,25,0,0,0,3,0,0,0,4,0,1,0,0,2,4,17,0,0,0,9,3,0,0,95.53,80.3,60.61,3.3560861612525836,176.50272917111764,82.85203024476954,53.81131834462652,29.048096207825893,61.26044357705732,95.53,80.3,60.61,0.5556655526161194,0.7416552901268005,13.963963963963963,72.52252252252252,55.85585585585585,28.82882882882883,3.6036036036036037,50.45045045045045,53.669724770642205,39.90147783251231,22.119815668202765,39.189189189189186,99.54954954954955,47.447447447447445,28.82882882882883,3.6036036036036037,38.56367275711909,50.45045045045045,28.648648648648646,1,34.31,17.44,ok,156,213,Servicios y vida cotidiana; Movilidad activa,Contexto socioeconómico; Naturaleza y áreas verdes
0920,09,Guayas,San Jacinto de Yaguachi,60529,511.85936363889135,118.2531849562925,0.33684679865837097,0.2766653597354889,0,0,95,2,31,1,0,0,14,0,0,0,5,0,0,0,0,1,0,10,0,0,0,10,2,0,2,97.8,98.38,64.58,3.282265603998861,209.37385440890512,84.76725728291044,49.512981190125615,35.26149797504656,57.42119567623822,97.8,98.38,64.58,0.663153201341629,0.7233346402645111,13.063063063063062,87.83783783783784,59.909909909909906,4.504504504504505,57.20720720720721,39.189189189189186,64.44954128440367,71.92118226600985,25.34562211981567,70.27027027027027,92.7927927927928,53.6036036036036,4.504504504504505,57.20720720720721,53.90544855674306,39.189189189189186,38.513513513513516,1,41.7,23.44,ok,134,204,Naturaleza y áreas verdes; Acceso a salud y educación,Contexto socioeconómico; Deporte y recreación
0921,09,Guayas,Playas,41605,269.62037374981384,154.30955539957122,0.2115969955921173,0.2850893437862396,0,0,14,3,3,0,0,0,9,0,0,0,5,0,0,2,0,1,1,4,0,0,0,8,4,1,1,97.45,97.5,78.53,3.512658767628888,170.07050316271423,72.05068696245553,54.98846238313117,34.403286722908334,55.45178080473897,97.45,97.5,78.53,0.7884030044078827,0.7149106562137604,48.873873873873876,59.45945945945946,25.900900900900904,34.909909909909906,53.153153153153156,32.88288288288289,61.00917431192661,68.96551724137932,42.3963133640553,90.54054054054053,88.73873873873875,44.74474474474474,34.909909909909906,53.153153153153156,57.45700163912041,32.88288288288289,45,1,45.02,27.03,ok,122,192,Acceso a salud y educación; Naturaleza y áreas verdes,Deporte y recreación; Servicios y vida cotidiana
0922,09,Guayas,Simon Bolivar,25270,292.91054854825876,86.27207222561537,0.4088820517063141,0.26427727937698364,0,0,5,0,50,0,0,0,12,0,0,0,3,0,1,1,0,0,0,1,0,0,0,0,1,0,0,75.98,97.26,5.42,3.512658767628888,162.07050316271423,103.38402029578886,52.3217957164645,36.403286722908334,47.45178080473897,75.98,97.26,5.42,0.5911179482936859,0.7357227206230164,48.873873873873876,36.711711711711715,75.67567567567568,21.17117117117117,62.612612612612615,0.9009009009009009,18.807339449541285,67.98029556650246,3.225806451612903,50.45045045045045,97.2972972972973,53.753753753753756,21.17117117117117,62.612612612612615,30.00448048921888,0.9009009009009009,32.25225225225225,1,34.39,32.35,ok,155,176,Naturaleza y áreas verdes; Movilidad activa,Deporte y recreación; Servicios y vida cotidiana
0923,09,Guayas,Crnel. Marcelino Maridueña,11959,255.54754979441208,46.79755297838313,0.165456622838974,0.3037087917327881,0,0,11,1,3,0,0,0,1,0,0,0,1,0,0,0,0,0,0,4,0,0,1,0,0,0,0,78.46,79.08,65.41,3.512658767628888,166.7371698293809,72.05068696245553,49.655129049797836,29.069953389575,50.11844747140564,78.46,79.08,65.41,0.834543377161026,0.6962912082672119,48.873873873873876,53.82882882882883,25.900900900900904,6.306306306306306,6.081081081081082,10.585585585585585,20.642201834862387,39.40886699507389,27.188940092165897,95.04504504504504,71.17117117117117,42.867867867867865,6.306306306306306,6.081081081081082,29.08000297403406,10.585585585585585,43.94144144144144,1,23.28,37.78,ok,206,159,Contexto socioeconómico; Movilidad activa,Deporte y recreación; Naturaleza y áreas verdes
0924,09,Guayas,Lomas de Sargentillo,18323,67.1846787708946,272.7258704694112,0.3129003643989563,0.2634783089160919,0,0,9,0,0,0,0,0,4,0,0,0,5,0,0,0,0,0,0,2,0,0,0,1,0,0,0,98.54,98.36,87.72,3.512658767628888,164.7371698293809,70.05068696245553,52.3217957164645,31.069953389575,48.78511413807231,98.54,98.36,87.72,0.6870996356010437,0.7365216910839081,48.873873873873876,47.2972972972973,10.81081081081081,21.17117117117117,29.054054054054053,5.405405405405405,69.26605504587155,71.42857142857143,57.6036866359447,73.87387387387388,97.74774774774775,35.66066066066066,21.17117117117117,29.054054054054053,66.09943770346256,5.405405405405405,40.51801801801801,1,34.1,39.59,ok,157,153,Acceso a salud y educación; Contexto socioeconómico,Deporte y recreación; Servicios y vida cotidiana
0925,09,Guayas,Nobol,19572,137.42544565963337,142.41903969134427,0.3099004924297333,0.26831650733947754,0,0,26,1,2,0,0,0,3,0,0,1,12,1,0,1,0,0,0,6,1,0,1,1,2,1,0,100,100,91.13,3.512658767628888,176.73716982938086,71.38402029578886,58.3217957164645,31.069953389575,52.78511413807231,100,100,91.13,0.6900995075702667,0.7316834926605225,48.873873873873876,73.42342342342343,20.72072072072072,47.2972972972973,29.054054054054053,21.846846846846844,94.72477064220183,95.56650246305419,63.824884792626726,75.67567567567568,95.94594594594594,47.67267267267268,47.2972972972973,29.054054054054053,84.70538596596091,21.846846846846844,40.87837837837837,1,47.67,46.88,ok,107,118,Acceso a salud y educación; Movilidad activa,Naturaleza y áreas verdes; Servicios y vida cotidiana
0927,09,Guayas,Gnral. Antonio Elizalde,10620,153.9204613507685,68.99667469030085,0.19637134671211243,0.3026876747608185,0,0,3,0,1,0,0,0,1,0,0,0,2,0,0,0,0,0,0,2,0,0,0,4,1,0,0,92.26,53.73,89.05,3.512658767628888,160.7371698293809,70.7173536291222,50.3217957164645,29.069953389575,50.78511413807231,92.26,53.73,89.05,0.8036286532878876,0.6973123252391815,48.873873873873876,26.576576576576578,15.99099099099099,11.486486486486488,6.081081081081082,13.73873873873874,42.6605504587156,20.19704433497537,59.67741935483871,92.34234234234235,72.07207207207207,30.48048048048048,11.486486486486488,6.081081081081082,40.84500471617656,13.73873873873874,43.130630630630634,1,24.23,41.56,ok,201,144,Contexto socioeconómico; Acceso a salud y educación,Deporte y recreación; Naturaleza y áreas verdes
0928,09,Guayas,Isidro Ayora,10772,489.9382411260467,21.986444608288252,0.4220186769962311,0.2601875960826874,0,0,10,1,1,0,0,0,3,0,0,0,6,0,0,0,0,1,1,3,0,0,1,2,0,0,0,96.21,96.72,68.96,3.512658767628888,166.07050316271423,70.7173536291222,54.3217957164645,30.403286722908334,50.78511413807231,96.21,96.72,68.96,0.5779813230037689,0.7398124039173126,48.873873873873876,52.02702702702703,15.99099099099099,30.180180180180184,19.36936936936937,13.73873873873874,55.5045871559633,64.03940886699507,32.25806451612903,46.3963963963964,98.64864864864865,38.96396396396397,30.180180180180184,19.36936936936937,50.600686846362464,13.73873873873874,31.036036036036037,1,32.19,46.77,ok,169,120,Acceso a salud y educación; Movilidad activa,Naturaleza y áreas verdes; Servicios y vida cotidiana
1001,10,Imbabura,Ibarra,180395,1108.7829881108137,162.69639950678155,0.2276829034090042,0.3736717700958252,11.902090600218283,17,377,20,233,28,0,0,104,167,1,7,205,22,10,12,10,28,45,117,9,3,8,111,15,14,9,99.11,96.15,98.08,7.94200615255027,236.48986420730446,120.57134772149408,144.61124255949528,114.69709876579914,116.6845597129437,99.11,96.15,98.08,0.7723170965909958,0.6263282299041748,95.94594594594594,94.5945945945946,81.08108108108108,97.74774774774775,99.09909909909909,95.4954954954955,75.68807339449542,61.57635467980296,88.0184331797235,88.73873873873875,18.01801801801802,90.54054054054053,97.74774774774775,99.09909909909909,75.09428708467397,95.4954954954955,33.76126126126126,1,85.1,77.22,ok,2,5,Naturaleza y áreas verdes; Deporte y recreación,Acceso a salud y educación; Contexto socioeconómico
1002,10,Imbabura,Antonio Ante,43484,82.29641179528409,528.3826967835287,0.350265771150589,0.3607875108718872,0,0,41,1,19,0,0,0,10,3,0,0,12,4,0,0,0,11,3,12,0,0,1,5,3,1,2,99.75,99.75,99.16,3.512658767628888,186.73716982938086,82.7173536291222,68.98846238313116,37.069953389575,60.11844747140564,99.75,99.75,99.16,0.649734228849411,0.6392124891281128,48.873873873873876,81.98198198198197,54.27927927927928,68.69369369369369,67.34234234234235,47.74774774774775,85.3211009174312,87.192118226601,92.62672811059907,67.56756756756756,26.576576576576578,61.71171171171171,68.69369369369369,67.34234234234235,88.37998241821042,47.74774774774775,27.635135135135133,1,63.64,37.25,ok,53,162,Acceso a salud y educación; Deporte y recreación,Servicios y vida cotidiana; Contexto socioeconómico
1003,10,Imbabura,Cotacachi,39861,1693.0026061057565,23.54455914966856,0.5694882869720459,0.3956528306007385,3.047001552093936,1,36,0,98,6,0,0,10,0,1,1,26,2,1,0,0,5,4,51,0,1,1,7,7,2,1,93.82,93.46,76.2,4.179325434295555,186.73716982938086,135.38402029578887,74.321795716464507,36.403286722908334,87.45178080473897,93.82,93.46,76.2,0.4305117130279541,0.6043471693992615,86.03603603603604,81.98198198198197,85.13513513513513,75.22522522522522,62.612612612612615,83.1081081081081,47.706422018348626,52.70935960591133,40.09216589861751,16.666666666666664,9.45945945945946,84.38438438438438,75.22522522522522,62.612612612612615,46.83598250762582,83.1081081081081,7.2522522522522515,1,64.06,46.85,ok,51,119,Movilidad activa; Servicios y vida cotidiana,Acceso a salud y educación; Contexto socioeconómico
1004,10,Imbabura,Otavalo,104669,499.5045951519757,209.54561983189396,0.4398338198661804,0.36906176805496216,4.367308474600066,5,142,3,451,20,0,0,32,0,0,0,73,4,6,4,1,18,11,53,1,1,6,15,7,4,1,98.86,98.42,96.29,5.017363719685605,196.95496374344495,271.6952887069773,93.06865894429384,36.45150466575911,71.91009444865048,98.86,98.42,96.29,0.5601661801338196,0.6309382319450378,91.8918918918919,86.03603603603604,94.5945945945946,88.28828828828829,65.31531531531532,64.86486486486487,73.62385321100918,73.39901477832512,80.18433179723502,41.44144144144144,21.17117117117117,90.84084084084084,88.28828828828829,65.31531531531532,75.73573326218978,64.86486486486487,17.68018018018018,1,72.32,46.72,ok,21,121,Movilidad activa; Deporte y recreación,Servicios y vida cotidiana; Contexto socioeconómico
1005,10,Imbabura,Pimampiro,12963,444.4564881072501,29.165959653787183,0.5101121664047241,0.33631813526153564,0,0,63,2,29,3,0,0,9,10,0,0,20,4,1,2,0,2,1,17,0,0,2,11,2,1,1,99.37,99.16,93.16,3.512658767628888,204.0705031627142,89.38402029578886,68.98846238313116,41.069953389575,67.45178080473897,99.37,99.16,93.16,0.4898878335952759,0.6636818647384644,48.873873873873876,87.16216216216216,65.09009009009009,68.69369369369369,79.72972972972973,57.88288288288288,77.52293577981652,80.29556650246306,67.74193548387096,24.774774774774773,40.54054054054054,67.04204204204204,68.69369369369369,79.72972972972973,75.18681258871685,57.88288288288288,14.752252252252251,1,64.27,73.03,ok,50,12,Naturaleza y áreas verdes; Acceso a salud y educación,Servicios y vida cotidiana; Contexto socioeconómico
1006,10,Imbabura,San Miguel de Urcuqui,15629,769.6396095186232,20.306907033767757,0.5832356810569763,0.31831350922584534,0.7907290032721102,1,17,0,30,0,0,0,17,2,0,0,9,1,0,2,0,4,0,15,4,1,0,4,4,0,1,87.11,57.56,73.39,4.179325434295555,170.07050316271423,90.05068696245553,59.655129049797836,41.069953389575,63.45178080473897,87.11,57.56,73.39,0.4167643189430237,0.6816864907741547,86.03603603603604,59.45945945945946,65.990990990991,52.92792792792793,79.72972972972973,52.47747747747747,33.48623853211009,22.660098522167488,36.63594470046083,14.414414414414415,52.702702702702695,70.49549549549549,52.92792792792793,79.72972972972973,30.927427251579473,52.47747747747747,12.950450450450449,1,52.35,57.35,ok,85,69,Naturaleza y áreas verdes; Movilidad activa,Acceso a salud y educación; Contexto socioeconómico
1101,11,Loja,Loja,211527,1903.0705000399112,111.15037514141692,0.19397112727165225,0.373520702123642,2.6151277198097436,2,505,18,427,101,0,0,174,16,1,6,216,12,16,175,9,3,17,199,7,7,24,57,25,24,11,95.48,96.83,97.46,2.3333412999333385,276.7354851245867,170.796120542901,167.39566508671697,76.91305411228,120.43183133632347,95.48,96.83,97.46,0.8060288727283478,0.626479297876358,3.153153153153153,97.74774774774775,90.54054054054053,98.64864864864865,97.74774774774775,97.2972972972973,53.21100917431193,65.02463054187191,83.87096774193549,92.7927927927928,18.46846846846847,63.813813813813816,98.64864864864865,97.74774774774775,67.36886915270644,97.2972972972973,35.24774774774775,1,78.05,74.29,ok,7,10,Deporte y recreación; Naturaleza y áreas verdes,Movilidad activa; Contexto socioeconómico
1102,11,Loja,Calvas,27736,844.4739616404167,32.84411510583697,0.39802053570747375,0.3511892557144165,0,0,48,5,355,15,0,0,9,0,1,3,55,3,0,8,0,0,2,50,2,0,2,8,4,3,1,76.84,79.07,75.8,3.512658767628888,204.0705031627142,306.7173536291222,94.321795716464507,37.069953389575,88.7851141380723,76.84,79.07,75.8,0.6019794642925262,0.6488107442855835,48.873873873873876,87.16216216216216,95.4954954954955,90.09009009009009,67.34234234234235,84.68468468468468,19.724770642201836,38.91625615763547,39.1705069124424,52.702702702702695,30.180180180180184,77.17717717717717,90.09009009009009,67.34234234234235,32.603844570759904,84.68468468468468,22.97297297297297,1,64.82,60.96,ok,46,49,Deporte y recreación; Servicios y vida cotidiana,Acceso a salud y educación; Contexto socioeconómico
1103,11,Loja,Catamayo,30419,656.0652895718039,46.36581218898756,0.3807363510131836,0.3086848556995392,0,0,17,0,25,2,0,0,19,0,0,0,25,4,0,31,0,1,2,23,1,0,2,12,4,0,0,93.76,0.56,81.47,3.512658767628888,171.40383649604755,86.7173536291222,90.98846238313116,41.069953389575,72.11844747140564,93.76,0.56,81.47,0.6192636489868164,0.6913151443004608,48.873873873873876,63.51351351351351,62.387387387387385,86.71171171171171,79.72972972972973,65.76576576576578,47.24770642201835,5.41871921182266,45.852534562211986,58.55855855855856,66.21621621621621,58.25825825825825,86.71171171171171,79.72972972972973,32.83965339868433,65.76576576576578,30.427927927927925,1,59.86,53.45,ok,62,85,Deporte y recreación; Naturaleza y áreas verdes,Acceso a salud y educación; Contexto socioeconómico
1104,11,Loja,Celica,14041,523.9108361209737,26.800361878290794,0.36426129937171936,0.3219113051891327,0,0,7,1,73,1,0,0,9,0,0,3,21,6,0,2,0,1,3,11,0,1,1,0,8,0,1,91.42,69.42,72.31,3.512658767628888,164.7371698293809,118.7173536291222,70.98846238313116,36.403286722908334,56.11844747140564,91.42,69.42,72.31,0.6357387006282806,0.6780886948108673,48.873873873873876,47.2972972972973,80.63063063063063,70.4954954954955,62.612612612612615,35.36036036036036,40.36697247706422,30.049261083743843,34.10138248847927,63.96396396396396,50,58.933933933933936,70.4954954954955,62.612612612612615,34.839205349762445,35.36036036036036,29.887387387387385,1,50.31,58.71,ok,95,61,Deporte y recreación; Naturaleza y áreas verdes,Acceso a salud y educación; Contexto socioeconómico
1105,11,Loja,Chaguarpamba,7020,314.99627377804416,22.285977912699067,0.4890441596508026,0.288488507270813,0,0,1,2,44,16,0,0,3,0,0,0,3,1,0,2,0,1,0,7,0,0,0,3,3,0,0,90.73,NA,50.78,3.512658767628888,171.40383649604755,99.38402029578886,53.655129049797836,30.403286722908334,53.45178080473897,90.73,NA,50.78,0.5109558403491974,0.711511492729187,48.873873873873876,63.51351351351351,73.42342342342343,26.576576576576578,19.36936936936937,25.45045045045045,39.44954128440367,NA,17.050691244239633,28.37837837837838,86.03603603603604,61.93693693693694,26.576576576576578,19.36936936936937,28.250116264321655,25.45045045045045,22.83783783783784,1,33.07,52.44,ok,161,90,Movilidad activa; Acceso a salud y educación,Contexto socioeconómico; Naturaleza y áreas verdes
1106,11,Loja,Espindola,14773,517.8431475906391,28.52794339122592,0.6010562181472778,0.28849032521247864,0,0,7,0,142,3,0,0,11,0,1,0,36,1,0,0,0,2,2,35,0,0,1,4,3,3,1,83.2,68.42,83.08,3.512658767628888,165.40383649604755,164.7173536291222,76.321795716464507,36.403286722908334,74.11844747140564,83.2,68.42,83.08,0.39894378185272217,0.7115096747875214,48.873873873873876,49.549549549549546,90.09009009009009,78.82882882882883,62.612612612612615,69.5945945945946,27.522935779816514,28.57142857142857,51.61290322580645,9.00900900900901,85.58558558558559,62.83783783783784,78.82882882882883,62.612612612612615,35.902422525683846,69.5945945945946,15.99099099099099,1,56.62,64.06,ok,71,39,Deporte y recreación; Servicios y vida cotidiana,Acceso a salud y educación; Contexto socioeconómico
1107,11,Loja,Gonzanama,12692,701.8230029407152,18.08433172868249,0.442541778087616,0.3130987286567688,0,0,1,0,3,1,0,0,7,0,0,0,5,0,0,0,1,2,0,17,0,0,1,0,1,1,0,74.38,55.25,42.27,3.512658767628888,160.07050316271423,72.05068696245553,54.3217957164645,33.069953389575,58.78511413807231,74.38,55.25,42.27,0.557458221912384,0.6869012713432312,48.873873873873876,20.495495495495494,25.900900900900904,30.180180180180184,47.52252252252252,45.27027027027027,17.660550458715598,21.182266009852217,11.981566820276496,40.99099099099099,59.909909909909906,31.756756756756758,30.180180180180184,47.52252252252252,16.941461096281436,45.27027027027027,23.33333333333333,1,32.06,42.16,ok,170,141,Naturaleza y áreas verdes; Servicios y vida cotidiana,Contexto socioeconómico; Acceso a salud y educación
1108,11,Loja,Macara,18569,580.0271346110915,32.01401950350224,0.34200769662857056,0.346320778131485,0,0,0,1,21,0,0,0,14,0,3,0,12,0,0,4,0,1,0,12,0,0,1,2,1,0,2,94.14,0,87.63,3.512658767628888,159.40383649604755,84.05068696245553,60.3217957164645,39.73662005624167,58.11844747140564,94.14,0,87.63,0.6579923033714294,0.653679221868515,48.873873873873876,15.765765765765765,58.108108108108105,56.08108108108109,76.8018018018018,42.792792792792795,48.62385321100918,2.2167487684729066,57.14285714285714,69.81981981981981,32.88288288288289,40.91591591591592,56.08108108108109,76.8018018018018,35.99448637411307,42.792792792792795,29.369369369369366,1,47.17,49.83,ok,113,101,Naturaleza y áreas verdes; Deporte y recreación,Acceso a salud y educación; Contexto socioeconómico
1109,11,Loja,Paltas,23733,1161.548195677196,20.432212876163423,0.4590941369533539,0.3273358941078186,0,0,4,0,65,3,0,0,11,0,0,0,5,1,0,1,0,2,0,34,1,0,1,3,4,0,0,63.59,0.96,52.81,3.512658767628888,163.40383649604755,113.38402029578886,54.98846238313117,35.73662005624167,72.7851141380723,63.59,0.96,52.81,0.5409058630466461,0.6726641058921814,48.873873873873876,43.468468468468465,78.82882882882883,34.909909909909906,58.78378378378378,67.34234234234235,13.761467889908257,6.896551724137931,17.972350230414747,35.13513513513514,45.94594594594595,57.05705705705706,34.909909909909906,58.78378378378378,12.876789948153645,67.34234234234235,19.18918918918919,1,42.25,39.19,ok,131,154,Servicios y vida cotidiana; Naturaleza y áreas verdes,Contexto socioeconómico; Acceso a salud y educación
1110,11,Loja,Puyango,15427,640.2352466102316,24.095830527418297,0.40524590015411377,0.3056494891643524,2.3922124477072826,1,8,0,21,12,0,0,14,0,1,0,15,2,1,0,0,1,0,66,0,0,1,4,2,0,1,100,95.48,89.42,4.179325434295555,172.0705031627142,84.05068696245553,61.655129049797836,38.403286722908334,94.7851141380723,100,95.48,89.42,0.5947540998458862,0.6943505108356476,86.03603603603604,64.86486486486487,58.108108108108105,59.68468468468468,72.2972972972973,88.28828828828829,94.72477064220183,59.60591133004927,60.82949308755761,51.80180180180181,69.36936936936937,69.66966966966967,59.68468468468468,72.2972972972973,71.72005835326956,88.28828828828829,28.536036036036037,1,67.36,72.3,ok,33,13,Servicios y vida cotidiana; Naturaleza y áreas verdes,Deporte y recreación; Contexto socioeconómico
1111,11,Loja,Saraguro,30135,1086.9449825383697,27.724494325025525,0.4691031575202942,0.3146817684173584,0,0,24,7,31,3,0,0,10,1,1,0,26,1,0,2,0,1,3,96,0,0,3,12,7,3,1,65.15,58.25,81.47,3.512658767628888,181.40383649604755,90.7173536291222,70.98846238313116,36.403286722908334,121.45178080473897,65.15,58.25,81.47,0.5308968424797058,0.6853182315826416,48.873873873873876,78.15315315315316,68.01801801801803,70.4954954954955,62.612612612612615,97.74774774774775,14.678899082568808,23.645320197044335,45.852534562211986,33.78378378378378,56.30630630630631,65.01501501501502,70.4954954954955,62.612612612612615,28.058917947275045,97.74774774774775,20.270270270270267,1,58.69,49.39,ok,65,103,Servicios y vida cotidiana; Deporte y recreación,Acceso a salud y educación; Contexto socioeconómico
1112,11,Loja,Sozoranga,7459,413.58813549112216,18.03485003539254,0.5258136987686157,0.29406893253326416,0,0,1,0,57,2,0,0,1,0,0,0,9,0,0,2,0,2,0,9,0,0,0,0,0,0,0,55.8,NA,44.68,3.512658767628888,160.7371698293809,108.05068696245553,57.655129049797836,29.069953389575,52.78511413807231,55.8,NA,44.68,0.4741863012313843,0.7059310674667358,48.873873873873876,26.576576576576578,76.57657657657657,44.81981981981982,6.081081081081082,21.846846846846844,11.009174311926607,NA,13.82488479262673,23.873873873873876,81.08108108108108,50.67567567567568,44.81981981981982,6.081081081081082,12.417029552276668,21.846846846846844,20.51801801801802,1,27.94,48.39,ok,187,111,Movilidad activa; Deporte y recreación,Acceso a salud y educación; Naturaleza y áreas verdes
1113,11,Loja,Zapotillo,12230,1218.9782733231193,10.032992603435964,0.4772527813911438,0.31097736954689026,0,0,17,0,7,0,0,0,10,0,2,0,19,0,0,0,0,0,0,60,0,0,0,0,0,0,0,26.66,50.47,48.75,3.512658767628888,170.07050316271423,74.7173536291222,61.655129049797836,36.403286722908334,86.7851141380723,26.66,50.47,48.75,0.5227472186088562,0.6890226304531097,48.873873873873876,59.45945945945946,35.585585585585584,59.68468468468468,62.612612612612615,82.43243243243244,5.963302752293578,18.226600985221676,16.129032258064516,31.53153153153153,63.51351351351351,47.97297297297297,59.68468468468468,62.612612612612615,13.439645331859923,82.43243243243244,20.563063063063062,1,47.8,58.1,ok,105,63,Servicios y vida cotidiana; Naturaleza y áreas verdes,Contexto socioeconómico; Acceso a salud y educación
1114,11,Loja,Pindal,8644,203.23312236893275,42.53243713054013,0.476794570684433,0.3234216868877411,0,0,2,0,3,0,0,0,2,3,0,0,5,0,0,0,0,1,0,6,0,0,0,0,0,1,0,84.89,98.79,77.78,3.512658767628888,160.07050316271423,72.05068696245553,52.98846238313117,31.736620056241666,50.78511413807231,84.89,98.79,77.78,0.523205429315567,0.6765783131122589,48.873873873873876,20.495495495495494,25.900900900900904,23.64864864864865,36.711711711711715,13.73873873873874,29.81651376146789,77.83251231527095,41.935483870967744,31.98198198198198,48.64864864864865,31.756756756756758,23.64864864864865,36.711711711711715,49.86150331590219,13.73873873873874,18.49099099099099,1,30.63,49.02,ok,177,106,Acceso a salud y educación; Naturaleza y áreas verdes,Contexto socioeconómico; Servicios y vida cotidiana
1115,11,Loja,Quilanga,4328,237.11585657724345,18.252680619822236,0.4273706078529358,0.2907451093196869,0,0,2,0,35,1,0,0,4,0,0,1,2,0,0,0,0,0,1,6,0,0,0,0,0,0,0,5.47,96.01,79.56,3.512658767628888,160.7371698293809,93.38402029578886,50.98846238313117,31.736620056241666,50.78511413807231,5.47,96.01,79.56,0.5726293921470642,0.7092548906803131,48.873873873873876,26.576576576576578,69.81981981981981,15.54054054054054,36.711711711711715,13.73873873873874,4.128440366972478,60.591133004926114,43.31797235023041,44.5945945945946,84.23423423423422,48.42342342342342,15.54054054054054,36.711711711711715,36.01251524070967,13.73873873873874,28.243243243243242,1,31.04,56.31,ok,175,72,Movilidad activa; Naturaleza y áreas verdes,Deporte y recreación; Servicios y vida cotidiana
1116,11,Loja,Olmedo,4863,112.794127853028,43.11394655523684,0.5686976909637451,0.2934403121471405,0,0,2,0,1,0,0,0,1,0,0,0,0,1,0,1,0,0,0,4,0,0,0,0,0,0,0,100,NA,96.09,3.512658767628888,160.07050316271423,70.7173536291222,50.3217957164645,29.069953389575,49.45178080473897,100,NA,96.09,0.4313023090362549,0.7065596878528595,48.873873873873876,20.495495495495494,15.99099099099099,11.486486486486488,6.081081081081082,7.882882882882883,94.72477064220183,NA,78.80184331797236,17.117117117117118,82.43243243243244,28.453453453453452,11.486486486486488,6.081081081081082,86.7633069800871,7.882882882882883,18.355855855855857,1,29.61,57.58,ok,181,67,Acceso a salud y educación; Movilidad activa,Servicios y vida cotidiana; Naturaleza y áreas verdes
1201,12,Los Ríos,Babahoyo,152498,1091.6798722909675,139.69113461803792,0.29693734645843506,0.3488243520259857,2.964952020542862,5,111,0,6,1,0,0,46,1,0,2,9,1,0,0,1,1,1,35,4,0,1,9,4,1,2,91.75,93.5,72.38,4.066958214102025,138.6568427251191,43.99085554882941,34.250843006557176,36.279467593550244,47.99153704469281,91.75,93.5,72.38,0.7030626535415649,0.6511756479740143,83.78378378378379,3.153153153153153,2.2522522522522523,0.45045045045045046,59.909909909909906,1.8018018018018018,41.284403669724774,53.20197044334976,34.7926267281106,78.37837837837837,31.98198198198198,29.72972972972973,0.45045045045045046,59.909909909909906,43.093000280395046,1.8018018018018018,32.229729729729726,1,27.72,14.62,ok,190,217,Naturaleza y áreas verdes; Acceso a salud y educación,Servicios y vida cotidiana; Deporte y recreación
1202,12,Los Ríos,Baba,39550,519.4793278961998,76.13392463598227,0.4485825598239898,0.2894781827926636,0,0,2,0,0,0,0,0,4,0,0,0,1,0,0,0,0,0,0,4,0,0,0,0,3,0,0,95.54,84.9,36.42,3.512658767628888,160.07050316271423,70.05068696245553,49.655129049797836,31.069953389575,49.45178080473897,95.54,84.9,36.42,0.5514174401760101,0.7105218172073364,48.873873873873876,20.495495495495494,10.81081081081081,6.306306306306306,29.054054054054053,7.882882882882883,54.12844036697248,43.84236453201971,8.755760368663594,37.38738738738739,84.68468468468468,26.726726726726724,6.306306306306306,29.054054054054053,35.57552175588526,7.882882882882883,25.78828828828829,1,22.25,17.89,ok,209,212,Acceso a salud y educación; Naturaleza y áreas verdes,Servicios y vida cotidiana; Deporte y recreación
1203,12,Los Ríos,Montalvo,23990,364.8236464029231,65.75779897091611,0.29295673966407776,0.3095291554927826,0,0,5,0,4,0,0,0,7,0,0,0,2,0,0,0,0,0,1,10,0,1,0,0,0,0,0,39.28,88.08,72.67,3.512658767628888,162.07050316271423,72.7173536291222,50.98846238313117,33.069953389575,54.11844747140564,39.28,88.08,72.67,0.7070432603359222,0.6904708445072174,48.873873873873876,36.711711711711715,30.630630630630627,15.54054054054054,47.52252252252252,27.7027027027027,6.8807339449541285,47.29064039408867,35.483870967741936,78.82882882882883,65.31531531531532,38.73873873873874,15.54054054054054,47.52252252252252,29.885081768928245,27.7027027027027,37.387387387387385,1,32.32,29.21,ok,168,183,Naturaleza y áreas verdes; Movilidad activa,Servicios y vida cotidiana; Deporte y recreación
1204,12,Los Ríos,Puebloviejo,36410,337.0329548512466,108.03097879870523,0.39268311858177185,0.2942643463611603,0,0,0,0,2,0,0,0,3,0,0,0,7,2,1,1,1,0,1,8,0,0,1,7,2,3,0,94.94,85.88,87.28,3.512658767628888,158.7371698293809,71.38402029578886,57.655129049797836,30.403286722908334,57.45178080473897,94.94,85.88,87.28,0.6073168814182281,0.7057356536388397,48.873873873873876,12.387387387387387,20.72072072072072,44.81981981981982,19.36936936936937,40.31531531531532,50.917431192660544,45.320197044334975,56.22119815668203,54.5045045045045,80.63063063063063,27.32732732732733,44.81981981981982,19.36936936936937,50.81960879789252,40.31531531531532,31.171171171171167,1,36.31,25.74,ok,149,195,Acceso a salud y educación; Deporte y recreación,Movilidad activa; Naturaleza y áreas verdes
1205,12,Los Ríos,Quevedo,172296,306.0300753106907,563.0034885462811,0.310080885887146,0.3376605808734894,1.7442104158538518,1,14,12,15,8,0,0,50,2,2,7,38,10,1,3,1,4,2,59,8,0,3,18,17,13,1,100,99.85,97.38,2.302269644593873,99.93013292302174,44.09761085131008,48.65392571859181,38.048641950069964,58.457587040246075,100,99.85,97.38,0.689919114112854,0.6623394191265106,2.2522522522522523,0.45045045045045046,2.7027027027027026,2.2522522522522523,71.17117117117117,44.14414414414414,94.72477064220183,89.4088669950739,83.41013824884793,75.22522522522522,37.38738738738739,1.8018018018018018,2.2522522522522523,71.17117117117117,89.18125862870788,44.14414414414414,31.936936936936934,1,39.13,23.51,ok,139,203,Acceso a salud y educación; Naturaleza y áreas verdes,Deporte y recreación; Movilidad activa
1206,12,Los Ríos,Urdaneta,29182,380.1950159190621,76.7553460148789,0.3625750839710235,0.3044617772102356,0,0,0,0,2,0,0,0,3,0,0,0,9,0,1,0,0,0,0,6,0,0,0,1,0,1,0,99.18,99.49,8.55,3.512658767628888,158.7371698293809,71.38402029578886,55.655129049797836,30.403286722908334,51.45178080473897,99.18,99.49,8.55,0.6374249160289764,0.6955382227897644,48.873873873873876,12.387387387387387,20.72072072072072,38.96396396396396,19.36936936936937,16.441441441441444,76.60550458715596,82.26600985221675,4.6082949308755765,64.41441441441441,70.72072072072072,27.32732732732733,38.96396396396396,19.36936936936937,54.49326979008276,16.441441441441444,33.15315315315315,1,32.61,28.89,ok,165,185,Acceso a salud y educación; Deporte y recreación,Naturaleza y áreas verdes; Servicios y vida cotidiana
1207,12,Los Ríos,Ventanas,66301,533.6909715598578,124.23106916389686,0.3675825595855713,0.31351223587989807,0,0,1,0,1,0,0,0,5,0,0,1,17,2,0,2,0,2,0,18,0,0,0,2,5,0,1,93.64,80.31,72.38,3.1683442381244444,143.77890376129508,63.7855637931722,58.01690523490343,29.227082269115943,54.82689292734768,93.64,80.31,72.38,0.6324174404144287,0.6864877641201019,11.26126126126126,5.405405405405405,6.306306306306306,46.3963963963964,8.558558558558559,30.630630630630627,46.330275229357795,40.39408866995074,34.7926267281106,62.612612612612615,58.108108108108105,7.657657657657658,46.3963963963964,8.558558558558559,40.505663542473044,30.630630630630627,30.630630630630627,1,27.08,15.98,ok,193,216,Deporte y recreación; Acceso a salud y educación,Naturaleza y áreas verdes; Movilidad activa
1208,12,Los Ríos,Vinces,71390,699.8287635191589,102.01066849697382,0.40884196758270264,0.3181301951408386,0,0,11,3,2,0,0,0,3,0,0,0,4,0,0,0,0,0,1,16,0,0,0,7,2,0,1,95.02,29.57,65.15,3.074268132004978,147.09478659435868,62.475074650611646,45.79187442365176,26.608862876692047,54.94933847196946,95.02,29.57,65.15,0.5911580324172974,0.6818698048591614,7.207207207207207,6.306306306306306,4.954954954954955,1.3513513513513513,0.45045045045045046,31.08108108108108,51.37614678899083,14.285714285714285,26.72811059907834,50.9009009009009,53.153153153153156,6.156156156156157,1.3513513513513513,0.45045045045045046,30.796657224594487,31.08108108108108,25.788288288288285,1,15.07,11.61,ok,219,220,Servicios y vida cotidiana; Acceso a salud y educación,Deporte y recreación; Naturaleza y áreas verdes
1209,12,Los Ríos,Palenque,22222,582.356540186562,38.15875407337406,0.529498815536499,0.29871347546577454,0,0,2,0,0,0,0,0,0,0,0,0,1,1,0,0,0,0,0,2,0,0,0,0,1,0,0,43.27,NA,1.31,3.512658767628888,160.07050316271423,70.05068696245553,50.3217957164645,28.403286722908334,48.11844747140564,43.27,NA,1.31,0.470501184463501,0.7012865245342255,48.873873873873876,20.495495495495494,10.81081081081081,11.486486486486488,2.2522522522522523,2.9279279279279278,7.79816513761468,NA,2.7649769585253456,22.972972972972975,74.77477477477478,26.726726726726724,11.486486486486488,2.2522522522522523,5.281571048070012,2.9279279279279278,19.256756756756758,1,11.71,19.48,ok,221,210,Movilidad activa; Contexto socioeconómico,Servicios y vida cotidiana; Naturaleza y áreas verdes
1210,12,Los Ríos,Buena Fe,62638,583.9310470776215,107.26951463444549,0.41246867179870605,0.29507237672805786,0,0,25,8,12,1,0,0,18,0,1,3,45,8,0,6,0,2,0,32,0,0,1,10,2,2,3,95.05,92.16,62.41,3.2397029915784326,167.30761245469773,71.98565553172277,82.68835916249384,39.72314593413747,71.433288165809,95.05,92.16,62.41,0.587531328201294,0.7049276232719421,11.711711711711711,54.5045045045045,22.972972972972975,84.23423423423422,75.67567567567568,62.16216216216216,51.8348623853211,50.73891625615764,23.502304147465438,49.549549549549546,79.27927927927928,29.72972972972973,84.23423423423422,75.67567567567568,42.02536092964806,62.16216216216216,29.234234234234233,1,53.71,31.29,ok,80,178,Deporte y recreación; Naturaleza y áreas verdes,Movilidad activa; Contexto socioeconómico
1211,12,Los Ríos,Valencia,42195,982.2466477957946,42.95764215096836,0.4453879594802856,0.2994518280029297,0,0,8,0,5,0,0,0,12,5,3,1,37,4,1,1,0,3,1,28,1,0,1,3,5,2,1,93.31,69.73,46.09,3.512658767628888,164.07050316271423,73.38402029578886,80.321795716464507,42.403286722908334,69.45178080473897,93.31,69.73,46.09,0.5546120405197144,0.7005481719970703,48.873873873873876,45.4954954954955,33.108108108108105,81.53153153153153,82.88288288288288,59.909909909909906,45.87155963302752,30.541871921182267,14.746543778801843,38.288288288288285,73.87387387387388,42.492492492492495,81.53153153153153,82.88288288288288,30.38665844433721,59.909909909909906,24.48198198198198,1,53.97,37.28,ok,78,161,Naturaleza y áreas verdes; Deporte y recreación,Acceso a salud y educación; Contexto socioeconómico
1212,12,Los Ríos,Mocache,38221,570.6251875307764,66.98091993693946,0.43871843814849854,0.28943589329719543,0,0,6,8,4,7,0,0,5,0,0,0,6,1,0,0,0,1,0,13,2,0,0,1,1,0,0,89.25,68.47,38.43,3.512658767628888,172.73716982938086,72.7173536291222,54.3217957164645,31.736620056241666,57.45178080473897,89.25,68.47,38.43,0.5612815618515015,0.7105641067028046,48.873873873873876,65.990990990991,30.630630630630627,30.180180180180184,36.711711711711715,40.31531531531532,35.77981651376147,29.064039408866993,10.599078341013826,41.891891891891895,85.13513513513513,48.4984984984985,30.180180180180184,36.711711711711715,25.14764475454743,40.31531531531532,27.432432432432428,1,35.43,19.95,ok,150,209,Movilidad activa; Servicios y vida cotidiana,Contexto socioeconómico; Acceso a salud y educación
1213,12,Los Ríos,Quinsaloma,16437,284.24514037052126,57.826846146160754,0.44499167799949646,0.29614827036857605,0,0,3,0,0,0,0,0,1,0,0,0,2,1,0,0,0,0,1,8,0,0,0,0,2,0,0,99.52,85.74,62.29,3.512658767628888,160.7371698293809,70.05068696245553,51.655129049797836,29.069953389575,52.11844747140564,99.52,85.74,62.29,0.5550083220005035,0.703851729631424,48.873873873873876,26.576576576576578,10.81081081081081,18.46846846846847,6.081081081081082,19.144144144144143,80.27522935779817,44.827586206896555,23.04147465437788,38.73873873873874,78.37837837837837,28.753753753753756,18.46846846846847,6.081081081081082,49.381430073024205,19.144144144144143,25.315315315315313,1,25.84,35.65,ok,196,169,Acceso a salud y educación; Movilidad activa,Deporte y recreación; Naturaleza y áreas verdes
1301,13,Manabi,Portoviejo,278492,966.7405113379416,288.07316620524665,0.1908651888370514,0.3530222475528717,1.4923649359184956,7,402,223,799,52,0,0,89,134,0,5,182,21,9,52,9,2,5,211,3,3,11,62,24,22,4,99.06,99.11,96.38,3.2415449075392164,241.77677592764744,238.86265243220024,93.39238176096107,71.4955481448386,96.21806305208789,99.06,99.11,96.38,0.8091348111629486,0.6469777524471283,12.162162162162163,95.94594594594594,93.69369369369369,88.73873873873875,96.84684684684684,89.1891891891892,75.22935779816514,79.80295566502463,80.64516129032258,93.24324324324324,28.82882882882883,67.26726726726726,88.73873873873875,96.84684684684684,78.55915825117079,89.1891891891892,36.95945945945945,1,78.08,64.01,ok,6,41,Naturaleza y áreas verdes; Servicios y vida cotidiana,Movilidad activa; Contexto socioeconómico
1302,13,Manabi,Bolivar,39779,540.9229104506694,73.53912957182413,0.4751293957233429,0.31078532338142395,0,0,11,1,121,0,0,0,5,0,0,0,3,1,1,0,0,2,0,97,0,0,0,9,1,0,2,90.62,89.98,99.56,3.512658767628888,166.7371698293809,150.7173536291222,53.655129049797836,31.736620056241666,118.7851141380723,90.62,89.98,99.56,0.5248706042766571,0.689214676618576,48.873873873873876,53.82882882882883,87.83783783783784,26.576576576576578,36.711711711711715,96.84684684684684,38.99082568807339,49.75369458128079,94.00921658986175,32.432432432432435,63.96396396396396,63.513513513513516,26.576576576576578,36.711711711711715,60.91791228640531,96.84684684684684,20.945945945945944,1,53.07,42.7,ok,83,139,Servicios y vida cotidiana; Movilidad activa,Deporte y recreación; Contexto socioeconómico
1303,13,Manabi,Chone,125981,3069.662839272324,41.040663615638096,0.3624654114246368,0.3325853943824768,0,0,90,11,1512,0,0,0,66,5,1,2,56,2,1,6,0,0,0,283,6,0,0,6,9,1,1,96.85,88.67,95.32,2.331606706512199,150.05940974863876,715.5805268777833,61.280680045975885,51.59943981324205,162.03914099287485,96.85,88.67,95.32,0.6375345885753632,0.6674146056175232,2.7027027027027026,8.558558558558559,99.09909909909909,58.55855855855856,90.990990990991,99.54954954954955,59.63302752293578,47.783251231527096,73.73271889400922,64.86486486486487,42.34234234234234,36.786786786786784,58.55855855855856,90.990990990991,60.382999216157366,99.54954954954955,29.054054054054053,1,62.2,49.52,ok,57,102,Servicios y vida cotidiana; Naturaleza y áreas verdes,Movilidad activa; Contexto socioeconómico
1304,13,Manabi,El Carmen,88730,1272.7250149001293,69.71655224908315,0.3535391688346863,0.314416766166687,0,0,32,0,14,0,0,0,11,0,0,0,16,0,0,0,1,1,2,73,2,0,1,31,2,0,2,92.41,76.83,89.05,2.7918127226425753,143.11755139303307,63.09332403098781,49.53250335118781,28.402972545097494,94.9386272490375,92.41,76.83,89.05,0.6464608311653137,0.685583233833313,5.405405405405405,4.954954954954955,5.8558558558558556,4.954954954954955,0.9009009009009009,88.73873873873875,43.57798165137615,35.960591133004925,59.67741935483871,66.66666666666666,56.75675675675676,5.405405405405406,4.954954954954955,0.9009009009009009,46.40533071307326,88.73873873873875,31.846846846846844,1,27.99,25.52,ok,186,196,Servicios y vida cotidiana; Acceso a salud y educación,Deporte y recreación; Naturaleza y áreas verdes
1305,13,Manabi,Flavio Alfaro,24941,1353.4503625848934,18.427716811399215,0.5074329376220703,0.2995297312736511,0,0,2,0,104,0,0,0,3,0,0,0,3,1,0,0,0,1,0,33,0,0,0,4,0,0,0,20.34,73.54,42.47,3.512658767628888,160.07050316271423,139.38402029578887,52.3217957164645,30.403286722908334,71.45178080473897,20.34,73.54,42.47,0.4925670623779297,0.7004702687263489,48.873873873873876,20.495495495495494,86.48648648648648,21.17117117117117,19.36936936936937,62.612612612612615,5.5045871559633035,33.497536945812804,12.442396313364055,25.675675675675674,73.42342342342343,51.95195195195195,21.17117117117117,19.36936936936937,17.14817347171339,62.612612612612615,20,1,32.97,34.44,ok,162,171,Servicios y vida cotidiana; Movilidad activa,Naturaleza y áreas verdes; Acceso a salud y educación
1306,13,Manabi,Jipijapa,70781,1475.6430836999464,47.96620590836072,0.3817237615585327,0.3131571114063263,0,0,5,0,51,1,0,0,41,2,0,1,35,1,0,4,1,1,10,70,4,0,1,4,3,0,1,94.41,59.14,77.63,3.085230881329499,142.93496041367092,91.38957521251386,73.47579272559403,50.71110374360292,87.93581909410793,94.41,59.14,77.63,0.6182762384414673,0.6868428885936737,7.657657657657657,4.504504504504505,68.91891891891892,73.42342342342343,89.63963963963964,83.78378378378379,49.08256880733945,24.137931034482758,41.474654377880185,57.20720720720721,59.45945945945946,27.027027027027028,73.42342342342343,89.63963963963964,38.23171807323413,83.78378378378379,28.94144144144144,1,55.72,38.83,ok,74,155,Naturaleza y áreas verdes; Servicios y vida cotidiana,Contexto socioeconómico; Movilidad activa
1307,13,Manabi,Junin,18906,247.39428894102224,76.42051916771253,0.5080211758613586,0.30863863229751587,0,0,15,1,47,0,0,0,2,0,0,0,5,2,0,0,0,0,0,43,0,0,0,0,0,0,0,99.63,93.86,92.09,3.512658767628888,169.40383649604755,101.38402029578886,53.655129049797836,29.736620056241666,75.45178080473897,99.63,93.86,92.09,0.49197882413864136,0.6913613677024841,48.873873873873876,56.75675675675676,75,26.576576576576578,11.26126126126126,71.17117117117117,82.56880733944955,54.679802955665025,65.43778801843318,25.225225225225223,66.66666666666666,60.210210210210214,26.576576576576578,11.26126126126126,67.56213277118259,71.17117117117117,18.828828828828826,1,45.79,49.86,ok,118,99,Servicios y vida cotidiana; Acceso a salud y educación,Contexto socioeconómico; Naturaleza y áreas verdes
1308,13,Manabi,Manta,225007,293.542185882024,766.523555460718,0.1844661831855774,0.3368482291698456,18.93636186871864,87,1347,14,245,82,0,0,69,22,0,3,325,10,11,207,7,3,36,72,2,0,7,34,11,23,2,98.07,98.62,91.66,28.389846419136614,517.2521683360886,107.71338169445067,206.9132952750854,42.031380888523174,57.59188916149758,98.07,98.62,91.66,0.8155338168144226,0.6631517708301544,99.54954954954955,99.09909909909909,76.12612612612612,99.54954954954955,81.53153153153153,41.44144144144144,65.59633027522935,74.8768472906404,64.51612903225806,93.69369369369369,39.189189189189186,91.59159159159158,99.54954954954955,81.53153153153153,68.32976886604261,41.44144144144144,38.67117117117117,1,74.05,55.26,ok,16,76,Deporte y recreación; Movilidad activa,Servicios y vida cotidiana; Contexto socioeconómico
1309,13,Manabi,Montecristi,70232,755.599264926667,92.94874050309753,0.3284521698951721,0.28763076663017273,0,0,109,13,498,2,0,0,43,2,0,0,60,4,0,26,0,2,4,31,2,0,0,11,1,1,0,92.84,93.04,82.29,3.095180783544417,212.7130943324823,354.2671356993299,99.55983221409414,51.46208120938631,67.07180272046881,92.84,93.04,82.29,0.6715478301048279,0.7123692333698273,8.558558558558559,88.28828828828829,96.3963963963964,91.8918918918919,90.54054054054053,57.20720720720721,44.95412844036697,51.724137931034484,47.465437788018434,71.62162162162163,86.48648648648648,64.41441441441441,91.8918918918919,90.54054054054053,48.04790138647329,57.20720720720721,38.04054054054054,1,66.29,53.33,ok,38,86,Deporte y recreación; Naturaleza y áreas verdes,Acceso a salud y educación; Contexto socioeconómico
1310,13,Manabi,Pajan,36710,1094.5714906480684,33.538238766172256,0.5817829966545105,0.29163479804992676,0,0,14,2,7,1,0,0,3,0,0,0,3,1,0,0,0,2,0,4,0,0,0,6,3,0,0,84.34,27.25,31.98,3.512658767628888,170.07050316271423,74.7173536291222,52.98846238313117,30.403286722908334,53.45178080473897,84.34,27.25,31.98,0.4182170033454895,0.7083652019500732,48.873873873873876,59.45945945945946,35.585585585585584,23.64864864864865,19.36936936936937,25.45045045045045,29.357798165137616,13.793103448275861,7.373271889400922,14.864864864864865,83.33333333333334,47.97297297297297,23.64864864864865,19.36936936936937,16.8413911676048,25.45045045045045,17.702702702702705,1,26.67,16.35,ok,194,215,Movilidad activa; Servicios y vida cotidiana,Contexto socioeconómico; Acceso a salud y educación
1311,13,Manabi,Pichincha,30081,1080.430699719734,27.841674628278408,0.632566511631012,0.28184622526168823,0,0,4,0,30,0,0,0,3,0,0,0,3,2,0,0,0,1,0,34,0,0,0,1,0,1,1,44.57,56.06,65.48,3.512658767628888,161.40383649604755,90.05068696245553,52.98846238313117,30.403286722908334,70.7851141380723,44.57,56.06,65.48,0.36743348836898804,0.7181537747383118,48.873873873873876,32.88288288288289,65.990990990991,23.64864864864865,19.36936936936937,61.711711711711715,8.256880733944955,21.67487684729064,28.110599078341014,7.657657657657657,90.990990990991,49.24924924924925,23.64864864864865,19.36936936936937,19.34745221985887,61.711711711711715,16.32882882882883,1,32.76,27.57,ok,163,189,Servicios y vida cotidiana; Movilidad activa,Acceso a salud y educación; Contexto socioeconómico
1312,13,Manabi,Rocafuerte,33407,281.23223145284726,118.78794911742249,0.43700549006462097,0.3075994849205017,0,0,25,2,388,0,0,0,13,0,0,0,11,3,0,6,0,1,0,52,0,0,1,1,2,0,1,99.64,99.64,99.07,3.512658767628888,176.73716982938086,328.7173536291222,62.98846238313117,37.069953389575,83.45178080473897,99.64,99.64,99.07,0.562994509935379,0.6924005150794983,48.873873873873876,73.42342342342343,95.94594594594594,62.387387387387385,67.34234234234235,80.4054054054054,83.02752293577981,84.23645320197043,91.24423963133641,42.34234234234234,68.01801801801803,72.74774774774774,62.387387387387385,67.34234234234235,86.16940525636221,80.4054054054054,25.02252252252252,1,69.13,54.84,ok,30,79,Acceso a salud y educación; Servicios y vida cotidiana,Deporte y recreación; Contexto socioeconómico
1313,13,Manabi,Santa Ana,47203,1031.4975435242775,45.761621340098735,0.5388548970222473,0.2937580943107605,0,0,72,11,47,0,0,0,16,1,0,4,17,0,0,4,0,0,0,86,4,0,2,3,2,0,0,81.17,71.94,66,3.512658767628888,214.0705031627142,101.38402029578886,62.98846238313117,42.403286722908334,110.11844747140564,81.17,71.94,66,0.4611451029777527,0.7062419056892395,48.873873873873876,89.63963963963964,75,62.387387387387385,82.88288288288288,93.69369369369369,24.770642201834864,32.01970443349754,29.493087557603687,20.72072072072072,81.98198198198197,71.17117117117117,62.387387387387385,82.88288288288288,28.761144730978696,93.69369369369369,19.549549549549546,1,61.08,37.86,ok,60,157,Servicios y vida cotidiana; Naturaleza y áreas verdes,Acceso a salud y educación; Contexto socioeconómico
1314,13,Manabi,Sucre,56645,680.1968353007488,83.27736481595718,0.3933316469192505,0.312156617641449,0.9851834599741388,1,104,9,1135,10,0,0,24,0,2,0,29,1,1,22,0,2,1,98,2,0,1,6,2,3,1,91.73,78.04,97.2,4.002035271756731,230.5249160484352,791.6473749201591,82.65995951016421,43.796437859084236,113.7461592818848,91.73,78.04,97.2,0.6066683530807495,0.687843382358551,82.88288288288288,92.7927927927928,99.54954954954955,83.78378378378379,85.58558558558559,95.04504504504504,40.825688073394495,37.4384236453202,82.94930875576037,54.054054054054056,62.16216216216216,91.74174174174175,83.78378378378379,85.58558558558559,53.73780682482502,95.04504504504504,28.243243243243242,1,75.93,56.53,ok,11,71,Servicios y vida cotidiana; Movilidad activa,Acceso a salud y educación; Contexto socioeconómico
1315,13,Manabi,Tosagua,38104,377.97634043206966,100.81054268222933,0.5288254022598267,0.2838582992553711,0,0,24,0,734,0,0,0,15,0,0,0,24,2,0,1,1,0,1,88,1,0,1,3,1,1,0,99.84,99.84,99.84,3.512658767628888,174.73716982938086,559.3840202957889,68.321795716464507,38.403286722908334,108.7851141380723,99.84,99.84,99.84,0.47117459774017334,0.7161417007446289,48.873873873873876,68.24324324324324,98.64864864864865,67.7927927927928,72.2972972972973,93.24324324324324,86.69724770642202,88.66995073891626,95.85253456221197,23.423423423423422,90.09009009009009,71.92192192192192,67.7927927927928,72.2972972972973,90.40657766918342,93.24324324324324,21.711711711711708,1,73.11,57.85,ok,18,66,Servicios y vida cotidiana; Acceso a salud y educación,Deporte y recreación; Contexto socioeconómico
1316,13,Manabi,24 de Mayo,28715,528.0533740688084,54.37897267608079,0.5734217762947083,0.29519012570381165,0,0,1,0,0,0,0,0,6,0,0,0,1,0,0,0,0,1,0,34,0,0,0,4,2,0,0,96.03,61.59,59.88,3.512658767628888,159.40383649604755,70.05068696245553,50.3217957164645,32.403286722908334,72.11844747140564,96.03,61.59,59.88,0.42657822370529175,0.7048098742961884,48.873873873873876,15.765765765765765,10.81081081081081,11.486486486486488,43.468468468468465,65.76576576576578,55.04587155963303,25.12315270935961,21.658986175115206,15.315315315315313,78.82882882882883,25.15015015015015,11.486486486486488,43.468468468468465,33.94267014803595,65.76576576576578,17.184684684684683,1,32.49,31.06,ok,166,179,Servicios y vida cotidiana; Naturaleza y áreas verdes,Contexto socioeconómico; Deporte y recreación
1317,13,Manabi,Pedernales,54625,1913.537061760822,28.546611974023907,0.5375407338142395,0.3059875965118408,8.770348486426926,1,29,4,573,1,0,0,5,0,1,0,27,1,0,14,0,0,0,97,1,0,0,4,1,0,2,68.12,68.36,74.59,4.054317317020748,175.97785270433067,438.52936487869573,74.68565469665108,31.43406957759903,112.64521985908388,68.12,68.36,74.59,0.4624592661857605,0.6940124034881592,83.33333333333334,70.27027027027027,98.1981981981982,76.12612612612612,32.432432432432435,94.5945945945946,15.59633027522936,28.078817733990146,37.78801843317972,21.62162162162162,68.91891891891892,83.93393393393394,76.12612612612612,32.432432432432435,27.154388814133075,94.5945945945946,17.905405405405403,1,58.44,38.25,ok,67,156,Servicios y vida cotidiana; Movilidad activa,Acceso a salud y educación; Contexto socioeconómico
1318,13,Manabi,Olmedo,9809,254.77902270757423,38.500029930872294,0.6072672605514526,0.2871679961681366,0,0,2,0,0,0,0,0,2,0,0,0,1,0,0,0,0,1,0,13,0,0,0,0,0,0,0,89.6,1.03,58.02,3.512658767628888,160.07050316271423,70.05068696245553,50.3217957164645,29.736620056241666,55.45178080473897,89.6,1.03,58.02,0.39273273944854736,0.7128320038318634,48.873873873873876,20.495495495495494,10.81081081081081,11.486486486486488,11.26126126126126,32.88288288288289,36.23853211009174,7.8817733990147785,21.19815668202765,8.558558558558559,86.93693693693693,26.726726726726724,11.486486486486488,11.26126126126126,21.772820730378058,32.88288288288289,16.036036036036034,1,20.53,39.68,ok,212,151,Servicios y vida cotidiana; Movilidad activa,Deporte y recreación; Naturaleza y áreas verdes
1319,13,Manabi,Puerto Lopez,20209,432.7092722435587,46.703413345450514,0.5349997282028198,0.2651893198490143,0,0,9,1,18,0,0,0,3,0,1,0,13,1,1,3,0,1,1,5,0,0,3,5,1,0,0,98.47,98.44,62.57,3.512658767628888,165.40383649604755,82.05068696245553,62.3217957164645,31.069953389575,55.45178080473897,98.47,98.44,62.57,0.4650002717971802,0.7348106801509857,48.873873873873876,49.549549549549546,52.25225225225225,61.261261261261254,29.054054054054053,32.88288288288289,67.66055045871559,73.89162561576354,23.963133640552993,22.07207207207207,96.84684684684684,50.22522522522522,61.261261261261254,29.054054054054053,55.171769905010706,32.88288288288289,22.25225225225225,1,44.63,42.82,ok,125,138,Deporte y recreación; Acceso a salud y educación,Naturaleza y áreas verdes; Contexto socioeconómico
1320,13,Manabi,Jama,23095,581.8389936432527,39.69311141453061,0.5633577108383179,0.2969776690006256,0,0,16,1,458,0,0,0,8,1,3,0,8,1,1,1,0,0,0,40,0,0,1,2,0,0,0,5.69,0.98,82.13,3.512658767628888,170.07050316271423,375.38402029578884,56.3217957164645,36.403286722908334,75.45178080473897,5.69,0.98,82.13,0.43664228916168213,0.7030223309993744,48.873873873873876,59.45945945945946,96.84684684684684,41.66666666666667,62.612612612612615,71.17117117117117,4.587155963302752,7.389162561576355,47.004608294930875,18.01801801801802,76.57657657657657,68.3933933933934,41.66666666666667,62.612612612612615,19.66030893993666,71.17117117117117,17.792792792792792,1,48.33,44.79,ok,102,129,Servicios y vida cotidiana; Movilidad activa,Acceso a salud y educación; Contexto socioeconómico
1321,13,Manabi,Jaramijo,18236,97.738041142724,186.58037123304427,0.5433010458946228,0.2693299353122711,0,0,122,0,46,1,0,0,12,0,0,0,35,0,0,5,0,2,1,13,0,0,0,1,0,0,1,98.52,98.7,92.25,3.512658767628888,240.73716982938086,100.7173536291222,77.65512904979784,36.403286722908334,56.78511413807231,98.52,98.7,92.25,0.4566989541053772,0.7306700646877289,48.873873873873876,95.4954954954955,74.09909909909909,80.4054054054054,62.612612612612615,37.38738738738739,68.34862385321101,75.86206896551724,66.3594470046083,19.81981981981982,94.14414414414415,72.82282282282283,80.4054054054054,62.612612612612615,70.19004660777885,37.38738738738739,21.05855855855856,1,61.64,65.15,ok,59,32,Deporte y recreación; Movilidad activa,Servicios y vida cotidiana; Contexto socioeconómico
1322,13,Manabi,San Vicente,21781,712.4550911031457,30.57175149983826,0.4868439733982086,0.2938690483570099,10.677529034026502,1,38,7,516,0,0,0,14,0,0,0,8,1,0,21,0,2,0,56,0,1,1,4,2,0,0,94.51,40.29,90.88,4.179325434295555,188.73716982938086,414.05068696245553,70.321795716464507,37.73662005624167,88.11844747140564,94.51,40.29,90.88,0.5131560266017914,0.7061309516429901,86.03603603603604,83.55855855855856,97.74774774774775,69.5945945945946,69.5945945945946,84.23423423423422,50,16.25615763546798,62.67281105990783,28.82882882882883,81.53153153153153,89.11411411411412,69.5945945945946,69.5945945945946,42.9763228984586,84.23423423423422,22.31981981981982,1,66.03,66.87,ok,40,27,Movilidad activa; Servicios y vida cotidiana,Acceso a salud y educación; Contexto socioeconómico
1401,14,Morona Santiago,Morona,40318,4667.83349121896,8.637411783399184,0.43364736437797546,0.41621795296669006,0,0,26,12,99,0,0,0,19,1,1,2,20,8,4,7,0,2,2,35,3,2,2,12,4,9,1,89.16,93.76,79.33,3.512658767628888,184.0705031627142,136.05068696245553,77.65512904979784,43.73662005624167,83.45178080473897,89.16,93.76,79.33,0.5663526356220245,0.5837820470333099,48.873873873873876,79.95495495495496,85.58558558558559,80.4054054054054,84.68468468468468,80.4054054054054,35.321100917431195,53.69458128078818,42.857142857142854,42.792792792792795,5.8558558558558556,71.47147147147147,80.4054054054054,84.68468468468468,43.95760835178741,80.4054054054054,15.855855855855856,1,65.34,51.83,ok,42,91,Naturaleza y áreas verdes; Deporte y recreación,Acceso a salud y educación; Contexto socioeconómico
1402,14,Morona Santiago,Gualaquiza,16650,2199.1862632540374,7.570982175636065,0.44661828875541687,0.3986972272396088,0,0,35,1,24,1,0,0,6,0,3,0,12,0,1,1,0,1,0,11,0,1,1,6,4,4,1,95.37,95.37,57.43,3.512658767628888,183.40383649604755,86.05068696245553,58.98846238313117,34.403286722908334,60.11844747140564,95.37,95.37,57.43,0.5533817112445831,0.6013027727603912,48.873873873873876,79.05405405405406,61.48648648648649,50.22522522522522,53.153153153153156,47.74774774774775,52.752293577981646,59.11330049261084,20.276497695852534,37.83783783783784,9.00900900900901,63.138138138138146,50.22522522522522,53.153153153153156,44.04736392214834,47.74774774774775,14.594594594594593,1,48.33,51.27,ok,102,95,Movilidad activa; Naturaleza y áreas verdes,Acceso a salud y educación; Contexto socioeconómico
1403,14,Morona Santiago,Limon Indanza,9585,1811.5014368103748,5.2911909453833585,0.498830646276474,0.3774628043174744,0,0,29,0,84,12,0,0,8,0,1,0,9,3,1,1,0,2,0,13,1,0,2,1,3,1,1,76.75,76.75,55.24,3.512658767628888,186.0705031627142,126.05068696245553,59.655129049797836,34.403286722908334,58.78511413807231,76.75,76.75,55.24,0.501169353723526,0.6225371956825256,48.873873873873876,80.85585585585585,82.88288288288288,52.92792792792793,53.153153153153156,45.27027027027027,19.26605504587156,35.467980295566505,18.433179723502306,27.027027027027028,14.864864864864865,70.87087087087087,52.92792792792793,53.153153153153156,24.389071688313454,45.27027027027027,11.68918918918919,1,45.93,59.14,ok,116,55,Movilidad activa; Naturaleza y áreas verdes,Acceso a salud y educación; Contexto socioeconómico
1404,14,Morona Santiago,Palora,6917,1460.446407051513,4.736223093570884,0.4905087649822235,0.4252336025238037,0,0,1,0,4,0,0,0,5,0,0,0,4,3,0,2,0,0,0,33,0,0,1,1,2,0,0,86.47,0.07,83.02,3.512658767628888,159.40383649604755,72.7173536291222,54.98846238313117,31.736620056241666,70.11844747140564,86.47,0.07,83.02,0.5094912350177765,0.5747663974761963,48.873873873873876,15.765765765765765,30.630630630630627,34.909909909909906,36.711711711711715,60.810810810810814,32.56880733944954,4.433497536945813,51.1520737327189,27.927927927927925,4.954954954954955,31.756756756756758,34.909909909909906,36.711711711711715,29.38479286970475,60.810810810810814,10.518018018018017,1,34.83,56.64,ok,153,70,Servicios y vida cotidiana; Naturaleza y áreas verdes,Acceso a salud y educación; Contexto socioeconómico
1405,14,Morona Santiago,Santiago,8957,1422.2359646259588,6.297829771416059,0.5511456727981567,0.4103545844554901,0,0,3,0,4,1,0,0,15,0,2,0,7,0,0,5,0,2,0,3,0,0,0,2,0,1,0,96.49,97.16,50.88,3.512658767628888,161.40383649604755,72.7173536291222,58.3217957164645,39.73662005624167,50.11844747140564,96.49,97.16,50.88,0.44885432720184326,0.5896454155445099,48.873873873873876,32.88288288288289,30.630630630630627,47.2972972972973,76.8018018018018,10.585585585585585,56.88073394495413,66.7487684729064,17.51152073732719,19.36936936936937,6.756756756756757,37.46246246246246,47.2972972972973,76.8018018018018,47.04700771839591,10.585585585585585,7.792792792792792,1,40.05,55.33,ok,137,75,Naturaleza y áreas verdes; Deporte y recreación,Servicios y vida cotidiana; Contexto socioeconómico
1406,14,Morona Santiago,Sucua,18215,895.883628313536,20.331881758224544,0.4742216467857361,0.4476856291294098,0,0,3,1,7,0,0,0,11,2,0,1,11,3,1,2,0,2,0,18,0,2,1,28,2,2,0,99.76,99.99,95.71,3.512658767628888,161.40383649604755,74.7173536291222,61.655129049797836,37.73662005624167,79.45178080473897,99.76,99.99,95.71,0.5257783532142639,0.5523143708705902,48.873873873873876,32.88288288288289,35.585585585585584,59.68468468468468,69.5945945945946,76.12612612612612,85.77981651376146,90.88669950738915,76.95852534562212,32.88288288288289,1.8018018018018018,39.114114114114116,59.68468468468468,69.5945945945946,84.5416804555909,76.12612612612612,11.779279279279281,1,59.29,63.48,ok,63,42,Acceso a salud y educación; Servicios y vida cotidiana,Movilidad activa; Contexto socioeconómico
1407,14,Morona Santiago,Huamboya,8377,666.2219866639213,12.57388703418132,0.8512217998504639,0.384360134601593,0,0,3,0,10,0,0,0,4,0,0,0,0,1,0,0,0,1,0,42,0,0,1,0,1,0,0,56.67,89.4,73.51,3.512658767628888,160.7371698293809,76.7173536291222,50.3217957164645,31.069953389575,75.45178080473897,56.67,89.4,73.51,0.14877820014953613,0.615639865398407,48.873873873873876,26.576576576576578,41.66666666666667,11.486486486486488,29.054054054054053,71.17117117117117,11.46788990825688,48.76847290640394,37.327188940092164,0.9009009009009009,12.612612612612612,39.03903903903904,11.486486486486488,29.054054054054053,32.521183918251,71.17117117117117,2.207207207207207,1,32.41,49.98,ok,167,98,Servicios y vida cotidiana; Movilidad activa,Deporte y recreación; Contexto socioeconómico
1408,14,Morona Santiago,San Juan Bosco,3845,1053.706797630824,3.64902267750875,0.5332223773002625,0.3999076187610626,0,0,18,0,19,0,0,0,2,0,1,2,8,0,1,0,0,0,0,9,0,0,0,0,0,0,0,93.15,98.41,44.4,3.512658767628888,170.73716982938086,82.7173536291222,54.98846238313117,31.736620056241666,52.78511413807231,93.15,98.41,44.4,0.46677762269973755,0.6000923812389374,48.873873873873876,62.612612612612615,54.27927927927928,34.909909909909906,36.711711711711715,21.846846846846844,45.412844036697244,72.66009852216749,12.903225806451612,22.52252252252252,8.558558558558559,55.25525525525526,34.909909909909906,36.711711711711715,43.65872278843878,21.846846846846844,9.166666666666666,1,36.87,61.23,ok,147,47,Movilidad activa; Acceso a salud y educación,Servicios y vida cotidiana; Contexto socioeconómico
1409,14,Morona Santiago,Taisha,18079,6168.299814619367,2.930953511233568,0.9094915390014648,0.33750495314598083,0,0,21,0,154,1,0,0,2,0,1,0,10,0,0,0,0,0,1,12,0,0,1,2,2,0,1,30.44,NA,30.07,3.512658767628888,173.40383649604755,172.7173536291222,56.3217957164645,30.403286722908334,57.45178080473897,30.44,NA,30.07,0.09050846099853516,0.6624950468540192,48.873873873873876,66.8918918918919,90.990990990991,41.66666666666667,19.36936936936937,40.31531531531532,6.422018348623854,NA,6.912442396313365,0.45045045045045046,37.83783783783784,68.91891891891892,41.66666666666667,19.36936936936937,6.667230372468609,40.31531531531532,5.833333333333333,1,33.53,34.09,ok,160,172,Movilidad activa; Deporte y recreación,Acceso a salud y educación; Contexto socioeconómico
1410,14,Morona Santiago,Logroño,5719,1174.5078402034246,4.8692735835713705,0.7364952564239502,0.46648916602134705,0,0,8,14,3,0,0,0,2,0,1,0,2,0,0,0,0,0,0,5,0,0,0,3,0,0,0,47.18,63.6,1.01,3.512658767628888,173.40383649604755,72.05068696245553,50.3217957164645,30.403286722908334,52.11844747140564,47.18,63.6,1.01,0.2635047435760498,0.533510833978653,48.873873873873876,66.8918918918919,25.900900900900904,11.486486486486488,19.36936936936937,19.144144144144143,9.174311926605505,26.108374384236456,2.3041474654377883,3.153153153153153,1.3513513513513513,47.22222222222223,11.486486486486488,19.36936936936937,12.528944592093248,19.144144144144143,1.306306306306306,1,20.87,43.91,ok,211,134,Movilidad activa; Naturaleza y áreas verdes,Deporte y recreación; Contexto socioeconómico
1411,14,Morona Santiago,Pablo Sexto,1821,1393.4800522194887,1.306800192151708,0.5980721116065979,0.443890243768692,0,0,2,1,2,0,0,0,0,0,0,0,0,1,0,0,0,0,1,8,0,0,0,0,0,0,0,NA,93.91,94.37,3.512658767628888,160.7371698293809,71.38402029578886,50.3217957164645,28.403286722908334,52.11844747140564,NA,93.91,94.37,0.4019278883934021,0.556109756231308,48.873873873873876,26.576576576576578,20.72072072072072,11.486486486486488,2.2522522522522523,19.144144144144143,NA,55.66502463054187,70.50691244239631,10.81081081081081,3.153153153153153,32.05705705705706,11.486486486486488,2.2522522522522523,63.085968536469096,19.144144144144143,4.256756756756756,1,25.37,58.34,ok,197,62,Acceso a salud y educación; Movilidad activa,Contexto socioeconómico; Naturaleza y áreas verdes
1412,14,Morona Santiago,Tiwintza,6299,1174.7642102255602,5.361927053251446,0.8222901225090027,0.4140684008598328,0,0,26,0,19,0,0,0,1,0,2,0,3,0,0,0,0,0,0,14,0,0,0,1,3,0,0,45.42,NA,72.68,3.512658767628888,176.0705031627142,82.7173536291222,50.98846238313117,30.403286722908334,56.78511413807231,45.42,NA,72.68,0.17770987749099731,0.5859315991401672,48.873873873873876,71.17117117117117,54.27927927927928,15.54054054054054,19.36936936936937,37.38738738738739,8.715596330275229,NA,35.944700460829495,1.3513513513513513,6.306306306306306,58.108108108108105,15.54054054054054,19.36936936936937,22.330148395552364,37.38738738738739,1.4189189189189189,1,28.7,49.21,ok,182,104,Movilidad activa; Servicios y vida cotidiana,Deporte y recreación; Contexto socioeconómico
1501,15,Napo,Tena,59655,3930.369126455428,15.177963718079424,0.5720614790916443,0.4830981194972992,6.786798710035513,8,124,4,143,14,0,0,18,1,5,1,75,3,1,10,0,7,2,39,3,1,5,12,11,2,6,82.15,77.32,77.02,8.31103827092376,238.07945554105495,155.38256267807665,107.40828259352776,42.3443863858711,85.29496176575017,82.15,77.32,77.02,0.4279385209083557,0.5169018805027008,96.3963963963964,95.04504504504504,88.28828828828829,94.14414414414415,81.98198198198197,81.98198198198197,25.688073394495415,36.94581280788177,41.013824884792626,15.765765765765765,0.9009009009009009,93.24324324324324,94.14414414414415,81.98198198198197,34.549237029056606,81.98198198198197,5.653153153153153,1,69.53,54.69,ok,27,80,Deporte y recreación; Movilidad activa,Acceso a salud y educación; Contexto socioeconómico
1503,15,Napo,Archidona,24725,3035.357808034126,8.145662410723615,0.7434914708137512,0.4352971911430359,0,0,35,0,89,6,0,0,8,0,2,2,27,10,1,5,1,2,3,10,0,0,1,8,9,0,2,92.38,83.98,64.81,3.512658767628888,186.0705031627142,129.38402029578887,81.65512904979784,36.403286722908334,60.78511413807231,92.38,83.98,64.81,0.2565085291862488,0.5647028088569641,48.873873873873876,80.85585585585585,83.78378378378379,82.43243243243244,62.612612612612615,49.77477477477478,43.11926605504588,42.857142857142854,26.26728110599078,2.7027027027027026,4.504504504504505,71.17117117117117,82.43243243243244,62.612612612612615,37.41456333939317,49.77477477477478,1.6216216216216215,1,55,49.85,ok,76,100,Deporte y recreación; Movilidad activa,Acceso a salud y educación; Contexto socioeconómico
1504,15,Napo,El Chaco,7876,3507.903280430369,2.245215837032351,0.3754715919494629,0.37425047159194946,0,0,7,0,13,0,0,0,3,0,2,0,6,3,1,1,0,1,2,4,0,0,2,4,1,0,0,78.97,NA,64.79,3.512658767628888,163.40383649604755,78.7173536291222,58.3217957164645,31.736620056241666,53.45178080473897,78.97,NA,64.79,0.6245284080505371,0.6257495284080505,48.873873873873876,43.468468468468465,46.3963963963964,47.2972972972973,36.711711711711715,25.45045045045045,21.100917431192663,NA,25.806451612903224,60.810810810810814,17.117117117117118,46.246246246246244,47.2972972972973,36.711711711711715,23.453684522047944,25.45045045045045,23.85135135135135,1,35.09,53.22,ok,152,88,Deporte y recreación; Movilidad activa,Contexto socioeconómico; Acceso a salud y educación
1507,15,Napo,Quijos,5943,1592.3602231572145,3.732195713992816,0.30881017446517944,0.36589330434799194,0.11328776950096744,1,32,1,79,5,0,4,22,0,3,0,5,6,0,24,0,1,0,3,0,0,0,5,2,0,0,80.13,0,37.02,4.179325434295555,184.0705031627142,125.38402029578886,72.98846238313116,45.069953389575005,52.11844747140564,80.13,0,37.02,0.6911898255348206,0.6341066956520081,86.03603603603604,79.95495495495496,82.43243243243244,72.52252252252252,86.71171171171171,19.144144144144143,22.477064220183486,2.2167487684729066,9.216589861751153,76.12612612612612,23.873873873873876,82.8078078078078,72.52252252252252,86.71171171171171,11.303467616802514,19.144144144144143,30.225225225225223,1,52.43,64.04,ok,84,40,Naturaleza y áreas verdes; Movilidad activa,Servicios y vida cotidiana; Acceso a salud y educación
1509,15,Napo,Carlos Julio Arosemena Tola,3631,503.45137445738243,7.212215884629325,0.6004382371902466,0.40859487652778625,0,0,5,0,12,0,0,0,1,0,0,0,8,1,0,0,0,1,0,2,1,0,0,0,1,0,0,87.45,78.58,0.28,3.512658767628888,162.07050316271423,78.05068696245553,55.655129049797836,29.069953389575,48.78511413807231,87.45,78.58,0.28,0.3995617628097534,0.5914051234722137,48.873873873873876,36.711711711711715,45.4954954954955,38.96396396396396,6.081081081081082,5.405405405405405,33.94495412844037,38.42364532019704,1.8433179723502304,9.45945945945946,7.207207207207207,43.693693693693696,38.96396396396396,6.081081081081082,24.73730580699588,5.405405405405405,4.391891891891891,1,23.74,51.05,ok,205,96,Movilidad activa; Deporte y recreación,Servicios y vida cotidiana; Contexto socioeconómico
1601,16,Pastaza,Pastaza,61021,19924.01269604806,3.0626862636010843,0.4150709807872772,0.4378582537174225,0,0,99,12,77,0,0,0,53,4,0,3,63,13,2,15,3,9,6,76,9,6,5,15,18,4,7,83.04,76.06,69.96,3.2722366346273666,216.80759326055068,113.07595310157265,114.57057997074715,63.72145874411568,116.86529782271161,83.04,76.06,69.96,0.5849290192127228,0.5621417462825775,12.612612612612612,90.09009009009009,78.37837837837837,95.4954954954955,94.14414414414415,95.94594594594594,27.06422018348624,34.48275862068966,32.71889400921659,48.64864864864865,4.054054054054054,60.36036036036035,95.4954954954955,94.14414414414415,31.421957604464165,95.94594594594594,17.635135135135137,1,67.03,60.61,ok,34,50,Servicios y vida cotidiana; Deporte y recreación,Acceso a salud y educación; Contexto socioeconómico
1602,16,Pastaza,Mera,11000,528.2914080427663,20.821841567995985,0.3464778661727905,0.399930864572525,0,0,6,1,18,0,0,0,24,0,1,0,14,3,0,5,0,1,0,9,0,0,1,3,3,0,0,92.47,88,80.81,3.512658767628888,163.40383649604755,82.05068696245553,64.321795716464507,45.069953389575005,55.45178080473897,92.47,88,80.81,0.6535221338272095,0.600069135427475,48.873873873873876,43.468468468468465,52.25225225225225,64.41441441441441,86.71171171171171,32.88288288288289,44.4954128440367,46.79802955665024,44.23963133640553,68.46846846846847,8.108108108108109,48.19819819819819,64.41441441441441,86.71171171171171,45.177691245697496,32.88288288288289,25.18018018018018,1,51.69,61.86,ok,89,45,Naturaleza y áreas verdes; Deporte y recreación,Servicios y vida cotidiana; Contexto socioeconómico
1603,16,Pastaza,Santa Clara,3560,313.9283102879253,11.340168705189024,0.6098932027816772,0.3744499683380127,0,0,4,0,18,0,0,0,3,0,0,1,6,1,0,0,0,0,0,6,0,0,0,1,2,0,0,80.93,12.8,37.16,3.512658767628888,161.40383649604755,82.05068696245553,53.655129049797836,31.069953389575,51.45178080473897,80.93,12.8,37.16,0.39010679721832275,0.6255500316619873,48.873873873873876,32.88288288288289,52.25225225225225,26.576576576576578,29.054054054054053,16.441441441441444,23.394495412844037,11.822660098522167,9.67741935483871,8.108108108108109,16.666666666666664,44.66966966966967,26.576576576576578,29.054054054054053,14.964858288734971,16.441441441441444,5.337837837837837,1,24.96,53.3,ok,198,87,Movilidad activa; Naturaleza y áreas verdes,Acceso a salud y educación; Contexto socioeconómico
1604,16,Pastaza,Arajuno,6486,8861.287538060718,0.7319478091802732,0.809904158115387,0.3253559172153473,0,0,4,0,9,2,0,0,1,1,0,0,4,0,0,0,0,0,0,7,0,0,0,0,5,0,0,52.5,6.25,55.64,3.512658767628888,162.7371698293809,76.05068696245553,51.655129049797836,29.736620056241666,51.45178080473897,52.5,6.25,55.64,0.19009584188461304,0.6746440827846527,48.873873873873876,40.090090090090094,39.86486486486486,18.46846846846847,11.26126126126126,16.441441441441444,10.091743119266056,9.852216748768473,18.89400921658986,2.2522522522522523,47.74774774774775,42.94294294294294,18.46846846846847,11.26126126126126,12.945989694874797,16.441441441441444,7.95045045045045,1,20.31,43.22,ok,213,137,Movilidad activa; Deporte y recreación,Naturaleza y áreas verdes; Contexto socioeconómico
1701,17,Pichincha,Quito,2236186,4229.823110373141,528.6712804883065,0.11170628666877748,0.39356091618537903,186.7494733620569,509,27043,306,1673,1141,1,0,1160,292,27,107,1745,252,91,182,46,56,224,893,68,23,63,493,146,404,66,99.57,99.24,98.81,22.034589204431636,1229.701134872997,76.11020828151882,114.26670194816238,69.71212609288655,71.74846828151134,99.57,99.24,98.81,0.8882937133312225,0.606439083814621,98.64864864864865,99.54954954954955,40.99099099099099,95.04504504504504,96.3963963963964,63.51351351351351,81.42201834862385,80.78817733990148,89.86175115207374,97.2972972972973,9.90990990990991,79.72972972972973,95.04504504504504,96.3963963963964,84.02398228019969,63.51351351351351,35.54054054054054,1,78.99,65.46,ok,5,30,Naturaleza y áreas verdes; Deporte y recreación,Servicios y vida cotidiana; Contexto socioeconómico
1702,17,Pichincha,Cayambe,85604,1198.0893667371972,71.45042963959246,0.3682951331138611,0.33319342136383057,50.71721441123958,39,47,2,151,9,0,1,22,0,0,0,58,5,5,3,1,4,2,46,0,0,3,14,10,2,1,99.53,96.27,85.16,23.85131147574585,159.5363002651189,138.5078071828642,81.61607162275422,34.807940607078784,72.29244585628997,99.53,96.27,85.16,0.6317048668861389,0.6668065786361694,99.09909909909909,17.56756756756757,86.03603603603604,81.98198198198197,54.95495495495496,66.66666666666666,80.73394495412845,62.06896551724138,53.91705069124424,62.16216216216216,41.44144144144144,67.56756756756756,81.98198198198197,54.95495495495496,65.57332038753803,66.66666666666666,27.97297297297297,1,63.78,41.69,ok,52,143,Deporte y recreación; Movilidad activa,Naturaleza y áreas verdes; Contexto socioeconómico
1703,17,Pichincha,Mejia,81199,1490.0886530068533,54.492730909767246,0.23697872459888455,0.3212561011314392,19.590553052739843,33,150,0,233,29,0,2,52,0,3,4,49,27,1,6,2,7,1,54,0,2,3,15,10,3,5,98.35,94.72,96.21,21.119867191012826,230.19208425215996,187.68096426783995,91.8783732662414,56.07367043105233,82.32808746577435,98.35,94.72,96.21,0.7630212754011154,0.6787438988685608,98.1981981981982,92.34234234234235,91.8918918918919,87.83783783783784,92.7927927927928,78.82882882882883,66.97247706422019,58.128078817733986,79.26267281105991,86.93693693693693,50.45045045045045,94.14414414414415,87.83783783783784,92.7927927927928,68.1210762310047,78.82882882882883,37.99549549549549,1,79.69,68.47,ok,3,22,Movilidad activa; Naturaleza y áreas verdes,Acceso a salud y educación; Contexto socioeconómico
1704,17,Pichincha,Pedro Moncayo,32979,339.328148038316,97.18910792003057,0.37862077355384827,0.29732745885849,10.56738885660748,5,6,0,43,0,0,0,10,0,1,0,11,2,0,5,0,0,0,12,0,0,0,7,1,0,0,98.93,83.01,86.85,6.845992100962221,162.7371698293809,98.7173536291222,60.98846238313117,35.73662005624167,59.45178080473897,98.93,83.01,86.85,0.6213792264461517,0.70267254114151,94.14414414414415,40.090090090090094,72.97297297297297,57.88288288288288,58.78378378378378,46.62162162162162,74.31192660550458,40.88669950738916,55.76036866359447,59.909909909909906,76.12612612612612,69.06906906906907,57.88288288288288,58.78378378378378,56.98633159216274,46.62162162162162,32.387387387387385,1,56.06,40.76,ok,73,146,Movilidad activa; Naturaleza y áreas verdes,Servicios y vida cotidiana; Contexto socioeconómico
1705,17,Pichincha,Rumiñahui,85748,136.03927890543645,630.3179544167174,0.09910450875759123,0.3704461455345154,0,0,206,6,58,11,0,0,43,0,1,3,146,21,4,31,1,5,2,36,3,1,1,22,9,22,0,100,100,100,2.8366325082602946,248.24264850446374,87.7942322090592,152.61682148647458,48.24005108230641,71.69803777543147,100,100,100,0.9008954912424088,0.6295538544654846,5.8558558558558556,96.84684684684684,63.51351351351351,98.1981981981982,87.83783783783784,63.06306306306306,94.72477064220183,95.56650246305419,98.15668202764977,97.74774774774775,19.81981981981982,55.405405405405396,98.1981981981982,87.83783783783784,96.14931837763527,63.06306306306306,37.18468468468468,1,75.45,57.89,ok,13,64,Deporte y recreación; Acceso a salud y educación,Movilidad activa; Contexto socioeconómico
1707,17,Pichincha,San Miguel de Los Bancos,17093,854.0142189433269,20.014889238201672,0.4174516797065735,0.30913710594177246,0.3007873514370514,1,51,0,96,2,1,1,8,2,13,0,9,2,1,9,0,2,4,39,0,1,1,3,4,0,6,99.23,8.75,97.98,4.512658767628888,194.0705031627142,134.7173536291222,66.98846238313116,43.73662005624167,80.11844747140564,99.23,8.75,97.98,0.5825483202934265,0.6908628940582275,88.28828828828829,84.90990990990991,84.68468468468468,66.66666666666666,84.68468468468468,76.8018018018018,77.06422018348624,11.330049261083744,87.09677419354838,47.2972972972973,65.76576576576578,85.96096096096096,66.66666666666666,84.68468468468468,58.49701454603945,76.8018018018018,26.41891891891892,1,69.48,74.48,ok,28,8,Movilidad activa; Naturaleza y áreas verdes,Acceso a salud y educación; Contexto socioeconómico
1708,17,Pichincha,Pedro Vicente Maldonado,12881,625.9090122553447,20.579668526557484,0.3815959095954895,0.30781278014183044,0,0,1,0,4,2,0,0,3,0,0,0,5,0,0,4,0,1,1,11,0,0,1,1,2,0,0,84.12,0,66.8,3.512658767628888,160.7371698293809,72.7173536291222,56.3217957164645,30.403286722908334,55.45178080473897,84.12,0,66.8,0.6184040904045105,0.6921872198581696,48.873873873873876,26.576576576576578,30.630630630630627,41.66666666666667,19.36936936936937,32.88288288288289,28.899082568807337,2.2167487684729066,30.87557603686636,57.65765765765766,67.56756756756756,35.36036036036036,41.66666666666667,19.36936936936937,20.663802458048867,32.88288288288289,30.315315315315317,1,30.28,40.74,ok,179,148,Deporte y recreación; Movilidad activa,Acceso a salud y educación; Naturaleza y áreas verdes
1709,17,Pichincha,Puerto Quito,20362,697.7094535342744,29.184067804808286,0.3658764958381653,0.29687437415122986,0,0,8,0,5,0,0,0,4,0,1,0,1,0,0,0,0,2,0,8,0,0,0,2,5,0,0,63.45,72.86,67.29,3.512658767628888,164.07050316271423,73.38402029578886,50.98846238313117,31.736620056241666,53.45178080473897,63.45,72.86,67.29,0.6341235041618347,0.7031256258487701,48.873873873873876,45.4954954954955,33.108108108108105,15.54054054054054,36.711711711711715,25.45045045045045,13.302752293577983,32.51231527093596,31.797235023041477,63.06306306306306,77.02702702702703,42.492492492492495,15.54054054054054,36.711711711711715,25.87076752918514,25.45045045045045,33.626126126126124,1,30.01,30.49,ok,180,180,Movilidad activa; Naturaleza y áreas verdes,Servicios y vida cotidiana; Deporte y recreación
1801,18,Tungurahua,Ambato,327335,1022.1383568639268,320.245295367168,0.2334650605916977,0.3771977424621582,0.28506815470649466,3,414,49,283,68,0,0,232,5,1,4,263,25,3,15,1,11,10,135,14,17,24,62,46,7,12,99.61,99.02,99.17,1.935013081409978,179.97724378861344,90.81306947562994,93.95034190382177,66.59995789822094,78.20039809683466,99.61,99.02,99.17,0.7665349394083023,0.6228022575378418,1.3513513513513513,76.12612612612612,68.46846846846847,89.1891891891892,95.4954954954955,74.77477477477478,82.11009174311926,79.3103448275862,93.08755760368663,87.83783783783784,15.315315315315313,48.648648648648646,89.1891891891892,95.4954954954955,84.8359980581307,74.77477477477478,33.04054054054054,1,72.57,49.06,ok,19,105,Naturaleza y áreas verdes; Deporte y recreación,Movilidad activa; Contexto socioeconómico
1802,18,Tungurahua,Baños de Agua Santa,19561,1069.1794591169894,18.29533838608813,0.1456804871559143,0.33850371837615967,1.8711345802203323,6,99,2,113,7,0,0,13,0,0,3,17,5,2,20,0,2,5,21,0,2,2,8,3,3,2,95.91,90.39,81.29,7.512658767628888,230.73716982938086,145.38402029578887,82.98846238313116,39.069953389575,70.11844747140564,95.91,90.39,81.29,0.8543195128440857,0.6614962816238403,95.4954954954955,93.24324324324324,86.93693693693693,84.90990990990991,74.77477477477478,60.810810810810814,54.58715596330275,50.24630541871922,45.16129032258064,96.3963963963964,36.486486486486484,91.89189189189189,84.90990990990991,74.77477477477478,49.998250568200866,60.810810810810814,39.211711711711715,1,69.76,74.79,ok,26,6,Movilidad activa; Deporte y recreación,Acceso a salud y educación; Contexto socioeconómico
1803,18,Tungurahua,Cevallos,8121,18.859850729343393,430.59725745150337,0.27351823449134827,0.315717875957489,0,0,0,1,4,0,0,0,6,0,0,0,10,0,0,0,0,0,0,2,1,0,1,1,0,0,0,100,100,100,3.512658767628888,159.40383649604755,72.7173536291222,55.655129049797836,32.403286722908334,50.11844747140564,100,100,100,0.7264817655086517,0.684282124042511,48.873873873873876,15.765765765765765,30.630630630630627,38.96396396396396,43.468468468468465,10.585585585585585,94.72477064220183,95.56650246305419,98.15668202764977,81.08108108108108,54.5045045045045,31.756756756756758,38.96396396396396,43.468468468468465,96.14931837763527,10.585585585585585,36.55405405405405,1,44.99,64.37,ok,123,36,Acceso a salud y educación; Naturaleza y áreas verdes,Movilidad activa; Servicios y vida cotidiana
1804,18,Tungurahua,Mocha,6765,86.16401872671565,78.51305103881457,0.3023608326911926,0.29798030853271484,0.05842453448908345,1,25,0,21,0,0,0,4,0,1,1,18,0,0,0,1,2,2,2,0,0,1,2,2,0,0,100,100,66.4,4.179325434295555,175.40383649604755,84.05068696245553,64.321795716464507,32.403286722908334,50.11844747140564,100,100,66.4,0.6976391673088074,0.7020196914672852,86.03603603603604,69.5945945945946,58.108108108108105,64.41441441441441,43.468468468468465,10.585585585585585,94.72477064220183,95.56650246305419,29.953917050691242,77.47747747747748,75.22522522522522,71.24624624624624,64.41441441441441,43.468468468468465,73.41506338531575,10.585585585585585,38.40090090090089,1,53.9,69.66,ok,79,19,Acceso a salud y educación; Movilidad activa,Contexto socioeconómico; Servicios y vida cotidiana
1805,18,Tungurahua,Patate,13415,316.77444338845135,42.34874460358399,0.3759278357028961,0.3449593782424927,0.3705012390160157,2,268,0,69,32,0,0,11,0,0,0,7,8,0,1,1,0,0,28,0,0,1,0,5,2,0,89.92,100,90.7,4.8459921009622215,358.7371698293809,116.05068696245553,60.3217957164645,35.73662005624167,66.11844747140564,89.92,100,90.7,0.6240721642971039,0.6550406217575073,89.86486486486487,98.64864864864865,79.72972972972973,56.08108108108109,58.78378378378378,56.08108108108109,37.61467889908257,95.56650246305419,62.21198156682027,60.36036036036037,34.234234234234236,89.41441441441441,56.08108108108109,58.78378378378378,65.13105430965234,56.08108108108109,26.26126126126126,1,62.65,71.18,ok,56,16,Movilidad activa; Acceso a salud y educación,Servicios y vida cotidiana; Contexto socioeconómico
1806,18,Tungurahua,Quero,19139,174.41377468456727,109.73330538034324,0.4426407516002655,0.30821335315704346,0,0,6,0,0,1,0,0,6,0,0,1,7,1,1,0,0,1,0,5,0,0,4,4,4,0,0,100,100,98.04,3.512658767628888,163.40383649604755,70.05068696245553,55.655129049797836,33.069953389575,55.45178080473897,100,100,98.04,0.5573592483997345,0.6917866468429565,48.873873873873876,43.468468468468465,10.81081081081081,38.96396396396396,47.52252252252252,32.88288288288289,94.72477064220183,95.56650246305419,87.55760368663594,40.54054054054054,67.11711711711712,34.38438438438438,38.96396396396396,47.52252252252252,92.61629226396398,32.88288288288289,24.256756756756754,1,47.59,47.71,ok,108,116,Acceso a salud y educación; Naturaleza y áreas verdes,Servicios y vida cotidiana; Contexto socioeconómico
1807,18,Tungurahua,San Pedro de Pelileo,56172,202.45436709345617,277.45511646123254,0.40557625889778137,0.3265010118484497,0,0,15,0,36,1,0,0,13,1,0,2,40,3,1,2,0,0,0,32,0,1,3,6,2,3,0,100,100,95.67,3.3738366361725096,162.70890732274117,90.33375409400104,76.50711624023305,37.52588817737014,71.82956689234207,100,100,95.67,0.5944237411022186,0.6734989881515503,14.414414414414415,38.288288288288285,66.66666666666666,79.72972972972973,68.46846846846847,63.96396396396396,94.72477064220183,95.56650246305419,76.036866359447,51.35135135135135,46.846846846846844,39.789789789789786,79.72972972972973,68.46846846846847,88.77604648823434,63.96396396396396,25,1,63.23,37.86,ok,55,157,Acceso a salud y educación; Deporte y recreación,Movilidad activa; Contexto socioeconómico
1808,18,Tungurahua,Santiago de Pillaro,38228,447.8347066532961,85.36185211209029,0.30301621556282043,0.327173113822937,0.1806058962759289,1,23,10,15,1,0,0,15,1,0,0,29,0,0,7,1,14,0,24,0,3,3,4,2,1,1,99.44,99.44,99.12,4.179325434295555,181.40383649604755,80.05068696245553,82.98846238313116,39.069953389575,70.11844747140564,99.44,99.44,99.12,0.6969837844371796,0.672826886177063,86.03603603603604,78.15315315315316,48.64864864864865,84.90990990990991,74.77477477477478,60.810810810810814,78.6697247706422,81.2807881773399,92.16589861751152,77.02702702702703,46.3963963963964,70.94594594594595,84.90990990990991,74.77477477477478,84.03880385516455,60.810810810810814,33.91891891891892,1,71.43,53.59,ok,24,84,Deporte y recreación; Acceso a salud y educación,Servicios y vida cotidiana; Contexto socioeconómico
1809,18,Tungurahua,Tisaleo,12116,59.34525560791306,204.1612236039381,0.38219523429870605,0.29683974385261536,0.16083174673366693,1,0,0,8,0,0,0,3,0,0,0,12,3,0,0,0,0,0,5,0,0,0,0,1,0,0,100,100,100,4.179325434295555,158.7371698293809,75.38402029578886,58.98846238313117,30.403286722908334,50.11844747140564,100,100,100,0.617804765701294,0.7031602561473846,86.03603603603604,12.387387387387387,37.83783783783784,50.22522522522522,19.36936936936937,10.585585585585585,94.72477064220183,95.56650246305419,98.15668202764977,56.75675675675676,77.47747747747748,45.42042042042042,50.22522522522522,19.36936936936937,96.14931837763527,10.585585585585585,31.486486486486484,1,45.9,59.09,ok,117,58,Acceso a salud y educación; Deporte y recreación,Naturaleza y áreas verdes; Servicios y vida cotidiana
1901,19,Zamora Chinchipe,Zamora,24549,1907.1002937357669,12.872422116778994,0.3106691241264343,0.36415931582450867,6.8384905992931015,10,61,31,28,11,0,0,32,0,4,3,70,8,6,19,1,4,6,50,4,0,6,15,8,5,0,96.38,96.58,84.81,10.179325434295555,227.40383649604755,88.7173536291222,124.98846238313116,54.40328672290834,96.7851141380723,96.38,96.58,84.81,0.6893308758735657,0.6358406841754913,97.74774774774775,91.8918918918919,64.41441441441441,96.84684684684684,92.34234234234235,89.63963963963964,55.96330275229357,62.5615763546798,52.995391705069125,74.77477477477478,24.774774774774773,84.68468468468468,96.84684684684684,92.34234234234235,57.17342360401417,89.63963963963964,29.887387387387392,1,77.78,78.72,ok,8,3,Deporte y recreación; Naturaleza y áreas verdes,Acceso a salud y educación; Contexto socioeconómico
1902,19,Zamora Chinchipe,Chinchipe,8815,1155.2674096883109,7.63026804536819,0.4783588647842407,0.31954625248908997,0,0,1,4,17,1,0,0,3,0,0,0,14,2,0,2,0,2,0,47,0,0,1,4,2,0,1,80.28,0,90.9,3.512658767628888,162.7371698293809,81.38402029578886,62.3217957164645,30.403286722908334,82.11844747140564,80.28,0,90.9,0.5216411352157593,0.68045374751091,48.873873873873876,40.090090090090094,50.45045045045045,61.261261261261254,19.36936936936937,77.92792792792793,22.93577981651376,2.2167487684729066,63.133640552995395,31.08108108108108,51.80180180180181,46.47147147147147,61.261261261261254,19.36936936936937,29.42872304599402,77.92792792792793,18.64864864864865,1,43.6,58.87,ok,128,60,Servicios y vida cotidiana; Deporte y recreación,Naturaleza y áreas verdes; Contexto socioeconómico
1903,19,Zamora Chinchipe,Nangaritza,5164,2027.8666826382907,2.546518488721134,0.5990718007087708,0.33000826835632324,0,0,23,6,2,0,0,0,1,0,2,0,1,2,0,0,0,1,0,2,0,0,0,0,0,0,1,NA,NA,44.85,3.512658767628888,178.0705031627142,71.38402029578886,51.655129049797836,30.403286722908334,48.78511413807231,NA,NA,44.85,0.40092819929122925,0.6699917316436768,48.873873873873876,75.22522522522522,20.72072072072072,18.46846846846847,19.36936936936937,5.405405405405405,NA,NA,14.285714285714285,9.90990990990991,44.14414414414414,48.273273273273276,18.46846846846847,19.36936936936937,14.285714285714285,5.405405405405405,10.09009009009009,1,21.53,45.69,ok,210,125,Movilidad activa; Naturaleza y áreas verdes,Contexto socioeconómico; Servicios y vida cotidiana
1904,19,Zamora Chinchipe,Yacuambi,5814,1259.3087953289032,4.616818386058769,0.5860770344734192,0.3138889968395233,0,0,18,4,38,1,0,0,4,1,0,0,11,2,0,0,0,2,0,5,0,0,1,1,2,1,0,68.37,36.82,35.25,3.512658767628888,174.0705031627142,95.38402029578886,58.98846238313117,31.736620056241666,51.45178080473897,68.37,36.82,35.25,0.4139229655265808,0.6861110031604767,48.873873873873876,67.56756756756756,70.94594594594594,50.22522522522522,36.711711711711715,16.441441441441444,16.055045871559635,15.270935960591133,7.834101382488479,13.513513513513514,57.20720720720721,62.46246246246246,50.22522522522522,36.711711711711715,13.053361071546414,16.441441441441444,13.31081081081081,1,34.7,54.61,ok,154,81,Movilidad activa; Deporte y recreación,Contexto socioeconómico; Acceso a salud y educación
1905,19,Zamora Chinchipe,Yantzaza,18443,1019.5191556307268,18.089900418389114,0.4171056449413299,0.3378869891166687,0,0,24,0,41,2,0,0,12,0,3,2,25,2,2,5,0,1,1,35,1,0,2,9,4,3,1,97.49,97.09,93.3,3.512658767628888,176.0705031627142,97.38402029578886,72.98846238313116,39.73662005624167,78.7851141380723,97.49,97.09,93.3,0.58289435505867,0.6621130108833313,48.873873873873876,71.17117117117117,72.07207207207207,72.52252252252252,76.8018018018018,75.45045045045045,61.46788990825688,66.00985221674877,68.20276497695853,47.74774774774775,36.93693693693694,64.03903903903904,72.52252252252252,76.8018018018018,65.22683570065472,75.45045045045045,22.25225225225225,1,65.25,69.5,ok,43,20,Naturaleza y áreas verdes; Servicios y vida cotidiana,Movilidad activa; Contexto socioeconómico
1906,19,Zamora Chinchipe,El Pangui,8616,633.8893426119736,13.592277738094364,0.46921756863594055,0.3295554518699646,0,0,20,0,7,0,0,0,8,1,0,0,13,1,0,2,1,1,0,11,0,0,0,5,2,1,1,98.63,98.63,82.52,3.512658767628888,172.0705031627142,74.7173536291222,60.98846238313117,34.403286722908334,58.11844747140564,98.63,98.63,82.52,0.5307824313640594,0.6704445481300354,48.873873873873876,64.86486486486487,35.585585585585584,57.88288288288288,53.153153153153156,42.792792792792795,70.18348623853211,75.36945812807882,48.8479262672811,33.33333333333333,44.5945945945946,49.77477477477478,57.88288288288288,53.153153153153156,64.80029021129734,42.792792792792795,18.355855855855854,1,50.56,66.12,ok,93,29,Acceso a salud y educación; Deporte y recreación,Servicios y vida cotidiana; Contexto socioeconómico
1907,19,Zamora Chinchipe,Centinela del Condor,6404,262.61569005109624,24.3854432260083,0.4573415517807007,0.31319642066955566,0,0,10,1,21,0,0,0,5,0,0,0,2,1,2,0,0,2,0,4,0,0,3,0,0,0,0,82.07,89.64,75.42,3.512658767628888,166.07050316271423,84.05068696245553,53.655129049797836,31.736620056241666,51.45178080473897,82.07,89.64,75.42,0.5426584482192993,0.6868035793304443,48.873873873873876,52.02702702702703,58.108108108108105,26.576576576576578,36.711711711711715,16.441441441441444,25.229357798165136,49.26108374384236,38.70967741935484,35.585585585585584,59.009009009009006,53.00300300300301,26.576576576576578,36.711711711711715,37.73337298712078,16.441441441441444,21.306306306306304,1,34.09,55.1,ok,158,77,Movilidad activa; Acceso a salud y educación,Contexto socioeconómico; Servicios y vida cotidiana
1908,19,Zamora Chinchipe,Palanda,8059,2000.3145557702312,4.028866348421307,0.5865330100059509,0.2977655231952667,0,0,19,0,78,5,0,0,3,1,3,1,25,5,0,0,0,1,5,45,0,0,3,2,2,3,4,54.96,54.96,83.24,3.512658767628888,174.73716982938086,122.05068696245553,72.98846238313116,33.73662005624167,82.7851141380723,54.96,54.96,83.24,0.41346698999404907,0.7022344768047333,48.873873873873876,68.24324324324324,81.53153153153153,72.52252252252252,50.45045045045045,79.5045045045045,10.550458715596331,20.689655172413794,52.07373271889401,13.063063063063062,75.67567567567568,66.21621621621621,72.52252252252252,50.45045045045045,27.77128220230138,79.5045045045045,15.923423423423422,1,54.26,67.86,ok,77,24,Servicios y vida cotidiana; Deporte y recreación,Acceso a salud y educación; Contexto socioeconómico
1909,19,Zamora Chinchipe,Paquisha,3828,340.70738599279304,11.235447652082817,0.4440787136554718,0.30347931385040283,0,0,0,0,2,0,0,0,1,0,2,0,1,0,0,0,0,0,0,2,0,0,0,0,0,0,0,0.99,40.78,41.45,3.512658767628888,158.7371698293809,71.38402029578886,49.655129049797836,30.403286722908334,48.11844747140564,0.99,40.78,41.45,0.5559212863445282,0.6965206861495972,48.873873873873876,12.387387387387387,20.72072072072072,6.306306306306306,19.36936936936937,2.9279279279279278,2.7522935779816518,16.748768472906402,11.52073732718894,39.63963963963964,71.62162162162163,27.32732732732733,6.306306306306306,19.36936936936937,10.34059979269233,2.9279279279279278,24.617117117117118,1,15.02,45.86,ok,220,124,Movilidad activa; Contexto socioeconómico,Deporte y recreación; Servicios y vida cotidiana
2001,20,Galápagos,San Cristobal,6883,828.2444774134192,8.310348197545956,0,0.29191330075263977,5.4377623718357,1,42,3,95,3,0,0,1,12,1,0,22,3,2,0,1,1,8,6,1,0,1,14,2,2,0,96.75,NA,93.84,4.179325434295555,190.73716982938086,133.38402029578887,73.65512904979784,37.73662005624167,61.45178080473897,96.75,NA,93.84,1,0.7080866992473602,86.03603603603604,84.23423423423422,84.23423423423422,74.09909909909909,69.5945945945946,50.9009009009009,59.174311926605505,NA,69.12442396313364,99.09909909909909,82.88288288288288,84.83483483483484,74.09909909909909,69.5945945945946,64.14936794486957,50.9009009009009,47.11711711711712,1,67.62,79.15,ok,32,2,Movilidad activa; Deporte y recreación,Servicios y vida cotidiana; Contexto socioeconómico
2002,20,Galápagos,Isabela,2110,5379.818962659351,0.39220650632395726,0,0.2760831415653229,0,0,37,1,39,7,0,0,2,0,0,0,8,3,0,1,0,1,4,2,0,0,1,7,1,1,0,88.82,NA,83.52,3.512658767628888,188.73716982938086,96.05068696245553,60.3217957164645,29.736620056241666,53.45178080473897,88.82,NA,83.52,1,0.7239168584346771,48.873873873873876,83.55855855855856,71.62162162162163,56.08108108108109,11.26126126126126,25.45045045045045,34.862385321100916,NA,52.53456221198156,99.09909909909909,93.24324324324324,68.01801801801803,56.08108108108109,11.26126126126126,43.69847376654124,25.45045045045045,48.67117117117117,1,44.17,68.03,ok,126,23,Movilidad activa; Deporte y recreación,Servicios y vida cotidiana; Naturaleza y áreas verdes
2003,20,Galápagos,Santa Cruz,13931,1816.3329100675276,7.66984946580199,0,0.28145843744277954,20.270574419377763,5,114,1,251,12,0,0,12,16,1,4,32,3,5,27,1,3,10,8,1,2,2,16,3,2,4,83.03,83.03,82.96,6.845992100962221,243.40383649604755,237.38402029578887,102.98846238313116,50.40328672290834,68.7851141380723,83.03,83.03,82.96,1,0.7185415625572205,94.14414414414415,96.3963963963964,93.24324324324324,92.7927927927928,88.96396396396396,59.23423423423423,26.605504587155966,41.37931034482759,50.23041474654379,99.09909909909909,91.44144144144144,94.5945945945946,92.7927927927928,88.96396396396396,39.40507655950911,59.23423423423423,48.4009009009009,1,72.46,77.71,ok,20,4,Movilidad activa; Deporte y recreación,Contexto socioeconómico; Acceso a salud y educación
2101,21,Sucumbios,Lago Agrio,91159,3156.652006448071,28.878381213320363,0.35142791271209717,0.3733988404273987,0,0,41,2,68,1,0,0,50,1,0,1,40,3,0,25,2,9,4,73,1,3,3,18,8,4,3,85.65,93.39,85.37,2.7563379968734574,147.5764963951848,90.54035145804451,81.85996661140557,49.49017837735211,89.54727279757086,85.65,93.39,85.37,0.6485720872879028,0.6266011595726013,4.954954954954955,6.756756756756757,67.56756756756756,82.88288288288288,88.28828828828829,85.58558558558559,31.65137614678899,52.21674876847291,54.377880184331794,67.11711711711712,18.91891891891892,26.426426426426428,82.88288288288288,88.28828828828829,46.08200169986457,85.58558558558559,26.32882882882883,1,58.66,40.09,ok,66,150,Naturaleza y áreas verdes; Servicios y vida cotidiana,Movilidad activa; Contexto socioeconómico
2102,21,Sucumbios,Gonzalo Pizarro,8325,2238.0672075803377,3.719727437944316,0.397870808839798,0.3865175247192383,0,0,3,0,0,0,0,0,9,0,0,0,6,0,0,2,0,1,1,1,0,0,0,0,0,0,0,NA,2.3,19.99,3.512658767628888,160.7371698293809,70.05068696245553,55.655129049797836,34.403286722908334,47.45178080473897,NA,2.3,19.99,0.602129191160202,0.6134824752807617,48.873873873873876,26.576576576576578,10.81081081081081,38.96396396396396,53.153153153153156,0.9009009009009009,NA,8.866995073891626,5.529953917050691,53.153153153153156,10.81081081081081,28.753753753753756,38.96396396396396,53.153153153153156,7.198474495471158,0.9009009009009009,20.225225225225223,1,24.91,44.68,ok,199,130,Naturaleza y áreas verdes; Deporte y recreación,Acceso a salud y educación; Servicios y vida cotidiana
2103,21,Sucumbios,Putumayo,9627,3541.4595085191872,2.718370766866511,0.570454478263855,0.3696591854095459,0,0,15,0,10,2,0,3,3,0,0,0,14,0,0,1,0,0,0,4,0,0,0,1,2,0,0,43.01,14.21,0,3.512658767628888,170.07050316271423,78.7173536291222,58.98846238313117,30.403286722908334,50.11844747140564,43.01,14.21,0,0.429545521736145,0.6303408145904541,48.873873873873876,59.45945945945946,46.3963963963964,50.22522522522522,19.36936936936937,10.585585585585585,7.339449541284404,12.31527093596059,0.9216589861751152,16.216216216216218,20.27027027027027,51.57657657657658,50.22522522522522,19.36936936936937,6.8587931544733705,10.585585585585585,8.716216216216216,1,27.12,42.69,ok,192,140,Movilidad activa; Deporte y recreación,Contexto socioeconómico; Acceso a salud y educación
2104,21,Sucumbios,Shushufindi,42317,2530.4054068874834,16.72340719981779,0.4572194218635559,0.3565591275691986,0,0,33,0,17,0,0,0,4,2,3,0,28,3,0,0,1,3,2,30,0,0,1,1,3,1,1,80.97,87.65,48.68,3.512658767628888,180.73716982938086,81.38402029578886,73.65512904979784,34.403286722908334,68.7851141380723,80.97,87.65,48.68,0.5427805781364441,0.6434408724308014,48.873873873873876,77.25225225225225,50.45045045045045,74.09909909909909,53.153153153153156,59.23423423423423,23.853211009174313,46.30541871921182,15.668202764976957,36.03603603603604,27.927927927927925,58.85885885885886,74.09909909909909,53.153153153153156,28.608944164454368,59.23423423423423,16.8018018018018,1,50.55,27.91,ok,94,187,Deporte y recreación; Servicios y vida cotidiana,Acceso a salud y educación; Contexto socioeconómico
2105,21,Sucumbios,Sucumbios,3390,1521.1849852476098,2.228525809073901,0.41108962893486023,0.3525125980377197,0,0,10,1,0,0,0,0,2,0,0,0,3,0,3,2,0,8,0,6,0,0,0,0,1,1,0,4.03,NA,NA,3.512658767628888,166.07050316271423,70.05068696245553,59.655129049797836,29.736620056241666,50.78511413807231,4.03,NA,NA,0.5889103710651398,0.6474874019622803,48.873873873873876,52.02702702702703,10.81081081081081,52.92792792792793,11.26126126126126,13.73873873873874,3.669724770642202,NA,NA,50,29.27927927927928,37.23723723723724,52.92792792792793,11.26126126126126,3.669724770642202,13.73873873873874,21.89189189189189,1,24.39,51.74,ok,200,92,Deporte y recreación; Movilidad activa,Naturaleza y áreas verdes; Acceso a salud y educación
2106,21,Sucumbios,Cascales,10942,1253.5330371007244,8.72892829797894,0.5431177616119385,0.37577444314956665,0,0,4,2,3,0,0,0,6,0,1,0,3,0,0,0,0,2,0,3,0,0,0,0,1,0,0,52.45,61.88,7.17,3.512658767628888,162.7371698293809,72.05068696245553,52.3217957164645,33.069953389575,48.78511413807231,52.45,61.88,7.17,0.4568822383880615,0.6242255568504333,48.873873873873876,40.090090090090094,25.900900900900904,21.17117117117117,47.52252252252252,5.405405405405405,9.63302752293578,25.615763546798032,4.147465437788019,20.27027027027027,15.765765765765765,38.28828828828829,21.17117117117117,47.52252252252252,13.132085502507278,5.405405405405405,9.45945945945946,1,23.75,37.32,ok,204,160,Naturaleza y áreas verdes; Movilidad activa,Contexto socioeconómico; Servicios y vida cotidiana
2107,21,Sucumbios,Cuyabeno,6518,3889.819469047767,1.6756561716720533,0.5039578080177307,0.3793335855007171,0,0,2,0,7,0,0,0,3,0,1,0,5,1,1,1,0,1,0,0,0,0,0,0,0,1,1,2.04,73.05,NA,3.512658767628888,160.07050316271423,74.7173536291222,54.98846238313117,31.069953389575,47.45178080473897,2.04,73.05,NA,0.4960421919822693,0.6206664144992828,48.873873873873876,20.495495495495494,35.585585585585584,34.909909909909906,29.054054054054053,0.9009009009009009,3.211009174311927,33.004926108374384,NA,26.576576576576578,13.963963963963963,34.98498498498498,34.909909909909906,29.054054054054053,18.107967641343155,0.9009009009009009,11.396396396396396,1,23.23,46.15,ok,207,123,Movilidad activa; Deporte y recreación,Contexto socioeconómico; Servicios y vida cotidiana
2201,22,Orellana,Orellana,70672,7077.8141751267995,9.98500359734775,0.4501463770866394,0.4431968331336975,0,0,8,6,44,3,0,0,28,0,0,0,26,4,0,1,2,1,1,43,2,0,1,11,15,6,3,78.42,75.69,66.65,3.0872012699466413,149.4713571904421,87.34650700975162,63.562091951050405,41.36878344682344,76.27359567305032,78.42,75.69,66.65,0.5498536229133606,0.5568031668663025,8.108108108108109,8.108108108108109,63.06306306306306,63.06306306306306,81.08108108108108,72.52252252252252,20.18348623853211,33.99014778325123,30.414746543778804,36.93693693693694,3.6036036036036037,26.426426426426428,63.06306306306306,81.08108108108108,28.196126855187384,72.52252252252252,13.468468468468467,1,47.19,21.39,ok,111,208,Naturaleza y áreas verdes; Servicios y vida cotidiana,Movilidad activa; Contexto socioeconómico
2202,22,Orellana,Aguarico,4478,11211.757928538373,0.39940213020490867,0.6473366022109985,0.446040153503418,0,0,63,0,22,0,0,0,2,0,2,0,7,0,0,1,0,1,0,2,0,0,0,0,2,0,0,NA,NA,NA,3.512658767628888,200.73716982938086,84.7173536291222,54.98846238313117,31.069953389575,48.11844747140564,NA,NA,NA,0.35266339778900146,0.553959846496582,48.873873873873876,86.48648648648648,59.45945945945946,34.909909909909906,29.054054054054053,2.9279279279279278,NA,NA,NA,6.306306306306306,2.2522522522522523,64.93993993993995,34.909909909909906,29.054054054054053,NA,2.9279279279279278,2.5450450450450446,0.8,32.03,60.38,ok,171,51,Movilidad activa; Deporte y recreación,Servicios y vida cotidiana; Contexto socioeconómico
2203,22,Orellana,La Joya de los Sachas,36803,1202.2401868457891,30.612019463894953,0.43259257078170776,0.40699347853660583,2.598010342734832,3,3,0,14,0,0,0,5,0,0,1,9,5,0,1,0,1,1,19,0,0,4,1,5,0,0,86.66,52.89,61.09,5.512658767628888,160.7371698293809,79.38402029578886,60.3217957164645,32.403286722908334,62.78511413807231,86.66,52.89,61.09,0.5674074292182922,0.5930065214633942,92.7927927927928,26.576576576576578,47.52252252252252,56.08108108108109,43.468468468468465,51.80180180180181,33.02752293577982,19.21182266009852,22.58064516129032,43.24324324324324,7.657657657657657,55.630630630630634,56.08108108108109,43.468468468468465,24.939996919056217,51.80180180180181,16.283783783783782,1,43.24,27.01,ok,129,193,Deporte y recreación; Movilidad activa,Acceso a salud y educación; Contexto socioeconómico
2204,22,Orellana,Loreto,21061,2153.320157672077,9.780710000304246,0.7022895812988281,0.41755276918411255,0,0,3,1,9,0,0,0,10,0,2,0,13,2,0,4,1,2,0,10,0,0,0,3,1,4,1,59.93,60.35,41.08,3.512658767628888,161.40383649604755,76.05068696245553,63.655129049797836,36.403286722908334,56.11844747140564,59.93,60.35,41.08,0.2977104187011719,0.5824472308158875,48.873873873873876,32.88288288288289,39.86486486486486,63.51351351351351,62.612612612612615,35.36036036036036,11.926605504587156,24.63054187192118,11.059907834101383,4.054054054054054,5.405405405405405,40.54054054054054,63.51351351351351,62.612612612612615,15.872351736869907,35.36036036036036,2.22972972972973,1,38.44,37.06,ok,142,165,Deporte y recreación; Naturaleza y áreas verdes,Acceso a salud y educación; Contexto socioeconómico
2301,23,Santo Domingo de los Tsáchilas,Santo Domingo,366422,3460.8315533054147,105.876866399358,0.2656462788581848,0.35995450615882874,14.302693887382032,28,255,14,100,31,0,0,126,15,1,7,211,35,8,29,9,12,29,353,10,1,11,58,43,33,1,99.5,97.59,95.13,7.132808519204353,115.36886226294456,43.967915416443326,87.14912537888367,41.07973682295486,108.09474493208049,99.5,97.59,95.13,0.7343537211418152,0.6400454938411713,95.04504504504504,1.3513513513513513,1.8018018018018018,86.03603603603604,80.63063063063063,92.7927927927928,79.81651376146789,69.95073891625616,72.81105990783409,83.33333333333334,27.027027027027028,32.732732732732735,86.03603603603604,80.63063063063063,74.19277086185271,92.7927927927928,33.22072072072072,1,66.86,45.2,ok,35,126,Servicios y vida cotidiana; Deporte y recreación,Contexto socioeconómico; Movilidad activa
2302,23,Santo Domingo de los Tsáchilas,La Concordia,42278,325.7548801552861,129.78470185879098,0.3896351754665375,0.3473024368286133,0,0,79,34,3,0,0,0,69,0,0,0,52,0,0,3,1,2,15,49,2,0,7,4,7,1,4,100,97.52,94.94,3.512658767628888,234.0705031627142,72.05068696245553,97.65512904979784,74.40328672290833,90.7851141380723,100,97.52,94.94,0.6103648245334625,0.6526975631713867,48.873873873873876,93.69369369369369,25.900900900900904,90.990990990991,97.2972972972973,86.71171171171171,94.72477064220183,69.45812807881774,72.35023041474655,55.85585585585585,32.432432432432435,56.15615615615616,90.990990990991,97.2972972972973,78.8443763785887,86.71171171171171,24.41441441441441,1,74.54,68.88,ok,14,21,Naturaleza y áreas verdes; Deporte y recreación,Movilidad activa; Contexto socioeconómico
2401,24,Santa Elena,Santa Elena,142822,3620.326827920368,39.45002945550127,0.2855522036552429,0.3101581335067749,19.982803169402143,10,49,5,54,3,0,0,51,0,1,2,68,2,3,25,0,4,6,55,1,0,1,25,9,4,3,64.18,68.72,73.39,6.28814034619735,121.53172066125445,65.5113747698657,74.73898311301973,39.78425763907821,63.90593570891783,64.18,68.72,73.39,0.7144477963447571,0.6898418664932251,93.24324324324324,2.2522522522522523,6.756756756756757,76.57657657657657,77.92792792792793,53.153153153153156,14.220183486238533,29.55665024630542,36.63594470046083,80.18018018018019,64.41441441441441,34.08408408408408,76.57657657657657,77.92792792792793,26.804259477668264,53.153153153153156,37.72522522522522,1,50.08,23.93,ok,96,199,Naturaleza y áreas verdes; Deporte y recreación,Movilidad activa; Acceso a salud y educación
2402,24,Santa Elena,La Libertad,95204,25.287526962855928,3764.860048981549,0.26880377531051636,0.31670376658439636,0,0,27,1,3,11,0,0,18,1,0,2,14,3,0,1,0,2,1,7,5,2,2,11,2,2,0,99.57,99.85,99.64,2.6992214050138994,141.9570063851516,55.36568433212603,48.40202740450849,32.583825169751904,49.782622900713335,99.57,99.85,99.64,0.7311962246894836,0.6832962334156036,4.504504504504505,3.6036036036036037,4.054054054054054,1.8018018018018018,45.4954954954955,9.00900900900901,81.42201834862385,89.4088669950739,95.39170506912443,82.43243243243244,54.054054054054056,4.054054054054054,1.8018018018018018,45.4954954954955,88.74086347094072,9.00900900900901,36.95945945945946,1,30.84,23.78,ok,176,201,Acceso a salud y educación; Naturaleza y áreas verdes,Movilidad activa; Deporte y recreación
2403,24,Santa Elena,Salinas,66962,70.62005022711986,948.2009682044225,0.2860918343067169,0.3567037284374237,0,0,52,5,24,0,0,0,20,0,0,2,30,5,2,7,0,4,0,21,3,1,3,11,2,4,0,93.69,93.95,89.24,3.1558008118274405,176.75025140096028,77.30862737849527,72.76068421239368,38.69439158872228,65.39073035008472,93.69,93.95,89.24,0.7139081656932831,0.6432962715625763,10.81081081081081,74.32432432432432,42.792792792792795,71.62162162162163,73.42342342342343,54.054054054054056,46.788990825688074,56.15763546798029,60.36866359447005,79.72972972972973,27.47747747747748,42.64264264264264,71.62162162162163,73.42342342342343,54.4384299627128,54.054054054054056,32.027027027027025,1,55.49,27.52,ok,75,191,Naturaleza y áreas verdes; Deporte y recreación,Movilidad activa; Contexto socioeconómico
